Pool,Barcode,Sequence,Sample name,Bam File,Gene,shRNA,Biological Rep
SLX-13658,D709_D506,CGGCTATG-TAATCTTA,EP300_12BR3_A_1_,SLX-13658/aligned/SLX-13658.D709_D506.bam,EP300,12BR3,A
SLX-13658,D709_D503,CGGCTATG-CCTATCCT,EP300_11AR3_A_1_,SLX-13658/aligned/SLX-13658.D709_D503.bam,EP300,11AR3,A
SLX-13658,D709_D502,CGGCTATG-ATAGAGGC,NRIP1_6A_A_1_,SLX-13658/aligned/SLX-13658.D709_D502.bam,NRIP1,6A,A
SLX-13658,D709_D505,CGGCTATG-AGGCGAAG,NRIP1_5C_B_1_y,SLX-13658/aligned/SLX-13658.D709_D505.bam,NRIP1,5C,B
SLX-13658,D709_D504,CGGCTATG-GGCTCTGA,FOXA1_4A_B_1_y,SLX-13658/aligned/SLX-13658.D709_D504.bam,FOXA1,4A,B
SLX-13658,D708_D507,TAATGCGC-CAGGACGT,ZMIZ1_22m35b_B_1_x,SLX-13658/aligned/SLX-13658.D708_D507.bam,ZMIZ1,22m35b,B
SLX-13658,D708_D506,TAATGCGC-TAATCTTA,ESRRA_2C_C_1_y,SLX-13658/aligned/SLX-13658.D708_D506.bam,ESRRA,2C,C
SLX-13658,D709_D501,CGGCTATG-TATAGCCT,TRIM33_13CR3_A_1_x,SLX-13658/aligned/SLX-13658.D709_D501.bam,TRIM33,13CR3,A
SLX-13658,D708_D508,TAATGCGC-GTACTGAC,NR2F2_17AR3_A_1_y,SLX-13658/aligned/SLX-13658.D708_D508.bam,NR2F2,17AR3,A
SLX-13658,D708_D503,TAATGCGC-CCTATCCT,SUMO1_M1_B_1_x,SLX-13658/aligned/SLX-13658.D708_D503.bam,SUMO1,M1,B
SLX-13658,D708_D502,TAATGCGC-ATAGAGGC,CONTROL___4_x,SLX-13658/aligned/SLX-13658.D708_D502.bam,POS.CONTROL,,1
SLX-13658,D708_D505,TAATGCGC-AGGCGAAG,SUMO3_M16_C_1_x,SLX-13658/aligned/SLX-13658.D708_D505.bam,SUMO3,M16,C
SLX-13658,D708_D504,TAATGCGC-GGCTCTGA,ZMIZ1_19AR3_C_1_x,SLX-13658/aligned/SLX-13658.D708_D504.bam,ZMIZ1,19AR3,C
SLX-13658,D707_D504,CTGAAGCT-GGCTCTGA,RARA_8C _C_1_x,SLX-13658/aligned/SLX-13658.D707_D504.bam,RARA,8C,C
SLX-13658,D707_D505,CTGAAGCT-AGGCGAAG,RARA_7B_A_1_y,SLX-13658/aligned/SLX-13658.D707_D505.bam,RARA,7B,A
SLX-13658,D707_D502,CTGAAGCT-ATAGAGGC,EP300_12BR3_C_1_y,SLX-13658/aligned/SLX-13658.D707_D502.bam,EP300,12BR3,C
SLX-13658,D707_D503,CTGAAGCT-CCTATCCT,ESRRA_4BR3_C_1_y,SLX-13658/aligned/SLX-13658.D707_D503.bam,ESRRA,4BR3,C
SLX-13658,D707_D508,CTGAAGCT-GTACTGAC,TRIM33_13CR3_B_1_x,SLX-13658/aligned/SLX-13658.D707_D508.bam,TRIM33,13CR3,B
SLX-13658,D708_D501,TAATGCGC-TATAGCCT,NCOA3_2BR_A_1_,SLX-13658/aligned/SLX-13658.D708_D501.bam,NCOA3,2BR,A
SLX-13658,D707_D506,CTGAAGCT-TAATCTTA,FOXA1_4A_A_1_x,SLX-13658/aligned/SLX-13658.D707_D506.bam,FOXA1,4A,A
SLX-13658,D707_D507,CTGAAGCT-CAGGACGT,SUMO3_24AR3_A_1_x,SLX-13658/aligned/SLX-13658.D707_D507.bam,SUMO3,24AR3,A
SLX-13658,D706_D504,GAATTCGT-GGCTCTGA,TRIM33_M2_C_1_,SLX-13658/aligned/SLX-13658.D706_D504.bam,TRIM33,M2,C
SLX-13658,D706_D505,GAATTCGT-AGGCGAAG,NR2F2_17AR3_C_1_x,SLX-13658/aligned/SLX-13658.D706_D505.bam,NR2F2,17AR3,C
SLX-13658,D706_D502,GAATTCGT-ATAGAGGC,ESRRA_2C_A_1_x,SLX-13658/aligned/SLX-13658.D706_D502.bam,ESRRA,2C,A
SLX-13658,D706_D503,GAATTCGT-CCTATCCT,NCOA3_1DR3_A_1_x,SLX-13658/aligned/SLX-13658.D706_D503.bam,NCOA3,1DR3,A
SLX-13658,D706_D508,GAATTCGT-GTACTGAC,RARA_7B_B_1_x,SLX-13658/aligned/SLX-13658.D706_D508.bam,RARA,7B,B
SLX-13658,D707_D501,CTGAAGCT-TATAGCCT,FOXA1_5B_A_1_x,SLX-13658/aligned/SLX-13658.D707_D501.bam,FOXA1,5B,A
SLX-13658,D706_D506,GAATTCGT-TAATCTTA,NR2F2_18AR3_B_1_x,SLX-13658/aligned/SLX-13658.D706_D506.bam,NR2F2,18AR3,B
SLX-13658,D706_D507,GAATTCGT-CAGGACGT,CONTROL___3_y,SLX-13658/aligned/SLX-13658.D706_D507.bam,POS.CONTROL,,2
SLX-13658,D705_D505,ATTCAGAA-AGGCGAAG,SUMO1_M1_A_1_x,SLX-13658/aligned/SLX-13658.D705_D505.bam,SUMO1,M1,A
SLX-13658,D705_D504,ATTCAGAA-GGCTCTGA,ESRRA_4BR3_B_1_x,SLX-13658/aligned/SLX-13658.D705_D504.bam,ESRRA,4BR3,B
SLX-13658,D705_D503,ATTCAGAA-CCTATCCT,SUMO3_24AR3_B_1_x,SLX-13658/aligned/SLX-13658.D705_D503.bam,SUMO3,24AR3,B
SLX-13658,D705_D502,ATTCAGAA-ATAGAGGC,ZMIZ1_22m35b_C_1_x,SLX-13658/aligned/SLX-13658.D705_D502.bam,ZMIZ1,22m35b,C
SLX-13658,D706_D501,GAATTCGT-TATAGCCT,SUMO1_M35_A_1_y,SLX-13658/aligned/SLX-13658.D706_D501.bam,SUMO1,M35,A
SLX-13658,D705_D508,ATTCAGAA-GTACTGAC,SUMO3_M16_B_1_x,SLX-13658/aligned/SLX-13658.D705_D508.bam,SUMO3,M16,B
SLX-13658,D705_D507,ATTCAGAA-CAGGACGT,ZMIZ1_19AR3_B_1_x,SLX-13658/aligned/SLX-13658.D705_D507.bam,ZMIZ1,19AR3,B
SLX-13658,D705_D506,ATTCAGAA-TAATCTTA,FOXA1_5B_C_1_x,SLX-13658/aligned/SLX-13658.D705_D506.bam,FOXA1,5B,C
SLX-13658,D704_D505,GAGATTCC-AGGCGAAG,CONTROL___1_x,SLX-13658/aligned/SLX-13658.D704_D505.bam,POS.CONTROL,,3
SLX-13658,D704_D504,GAGATTCC-GGCTCTGA,SUMO1_M35_B_1_x,SLX-13658/aligned/SLX-13658.D704_D504.bam,SUMO1,M35,B
SLX-13658,D704_D503,GAGATTCC-CCTATCCT,TRIM33_M2_B_1_,SLX-13658/aligned/SLX-13658.D704_D503.bam,TRIM33,M2,B
SLX-13658,D704_D502,GAGATTCC-ATAGAGGC,NR2F2_17AR3_B_1_y,SLX-13658/aligned/SLX-13658.D704_D502.bam,NR2F2,17AR3,B
SLX-13658,D705_D501,ATTCAGAA-TATAGCCT,RARA_8C_A_1_x,SLX-13658/aligned/SLX-13658.D705_D501.bam,RARA,8C,A
SLX-13658,D704_D508,GAGATTCC-GTACTGAC,ESRRA_2C_B_1_x,SLX-13658/aligned/SLX-13658.D704_D508.bam,ESRRA,2C,B
SLX-13658,D704_D507,GAGATTCC-CAGGACGT,NCOA3_1DR3_C_1_x,SLX-13658/aligned/SLX-13658.D704_D507.bam,NCOA3,1DR3,C
SLX-13658,D704_D506,GAGATTCC-TAATCTTA,NCOA3_2BR_B_1_x,SLX-13658/aligned/SLX-13658.D704_D506.bam,NCOA3,2BR,B
SLX-13658,D703_D502,CGCTCATT-ATAGAGGC,SUMO3_M16_A_1_x,SLX-13658/aligned/SLX-13658.D703_D502.bam,SUMO3,M16,A
SLX-13658,D703_D503,CGCTCATT-CCTATCCT,ZMIZ1_19AR3_A_1_y,SLX-13658/aligned/SLX-13658.D703_D503.bam,ZMIZ1,19AR3,A
SLX-13658,D703_D504,CGCTCATT-GGCTCTGA,NCOA3_2BR_C_1_y,SLX-13658/aligned/SLX-13658.D703_D504.bam,NCOA3,2BR,C
SLX-13658,D703_D505,CGCTCATT-AGGCGAAG,ZMIZ1_22m35b_A_1_,SLX-13658/aligned/SLX-13658.D703_D505.bam,ZMIZ1,22m35b,A
SLX-13658,D703_D506,CGCTCATT-TAATCTTA,RARA_8C_B_1_y,SLX-13658/aligned/SLX-13658.D703_D506.bam,RARA,8C,B
SLX-13658,D703_D507,CGCTCATT-CAGGACGT,SUMO1_M1_C_1_x,SLX-13658/aligned/SLX-13658.D703_D507.bam,SUMO1,M1,C
SLX-13658,D703_D508,CGCTCATT-GTACTGAC,FOXA1_5B_B_1_x,SLX-13658/aligned/SLX-13658.D703_D508.bam,FOXA1,5B,B
SLX-13658,D704_D501,GAGATTCC-TATAGCCT,NRIP1_6A_B_1_y,SLX-13658/aligned/SLX-13658.D704_D501.bam,NRIP1,6A,B
SLX-13658,D702_D502,TCCGGAGA-ATAGAGGC,NRIP1_5C_C_1_x,SLX-13658/aligned/SLX-13658.D702_D502.bam,NRIP1,5C,C
SLX-13658,D702_D503,TCCGGAGA-CCTATCCT,CONTROL___2_x,SLX-13658/aligned/SLX-13658.D702_D503.bam,POS.CONTROL,,4
SLX-13658,D702_D504,TCCGGAGA-GGCTCTGA,NCOA3_1DR3_B_1_x,SLX-13658/aligned/SLX-13658.D702_D504.bam,NCOA3,1DR3,B
SLX-13658,D702_D505,TCCGGAGA-AGGCGAAG,NR2F2_18AR3_A_1_x,SLX-13658/aligned/SLX-13658.D702_D505.bam,NR2F2,18AR3,A
SLX-13658,D702_D506,TCCGGAGA-TAATCTTA,SUMO1_M35_C_1_x,SLX-13658/aligned/SLX-13658.D702_D506.bam,SUMO1,M35,C
SLX-13658,D702_D507,TCCGGAGA-CAGGACGT,EP300_11AR3_C_1_y,SLX-13658/aligned/SLX-13658.D702_D507.bam,EP300,11AR3,C
SLX-13658,D702_D508,TCCGGAGA-GTACTGAC,NRIP1_6A_C_1_x,SLX-13658/aligned/SLX-13658.D702_D508.bam,NRIP1,6A,C
SLX-13658,D703_D501,CGCTCATT-TATAGCCT,ESRRA_4BR3_A_1_x,SLX-13658/aligned/SLX-13658.D703_D501.bam,ESRRA,4BR3,A
SLX-13658,D701_D503,ATTACTCG-CCTATCCT,NR2F2_18AR3_C_1_x,SLX-13658/aligned/SLX-13658.D701_D503.bam,NR2F2,18AR3,C
SLX-13658,D701_D502,ATTACTCG-ATAGAGGC,RARA_7B_C_1_,SLX-13658/aligned/SLX-13658.D701_D502.bam,RARA,7B,C
SLX-13658,D701_D505,ATTACTCG-AGGCGAAG,SUMO3_24AR3_C_1_x,SLX-13658/aligned/SLX-13658.D701_D505.bam,SUMO3,24AR3,C
SLX-13658,D701_D504,ATTACTCG-GGCTCTGA,EP300_11AR3_B_1_x,SLX-13658/aligned/SLX-13658.D701_D504.bam,EP300,11AR3,B
SLX-13658,D701_D507,ATTACTCG-CAGGACGT,NRIP1_5C_A_1_x,SLX-13658/aligned/SLX-13658.D701_D507.bam,NRIP1,5C,A
SLX-13658,D701_D506,ATTACTCG-TAATCTTA,TRIM33_13CR3_C_1_,SLX-13658/aligned/SLX-13658.D701_D506.bam,TRIM33,13CR3,C
SLX-13658,D702_D501,TCCGGAGA-TATAGCCT,TRIM33_M2_A_1_,SLX-13658/aligned/SLX-13658.D702_D501.bam,TRIM33,M2,A
SLX-13658,D701_D508,ATTACTCG-GTACTGAC,EP300_12BR3_B_1_,SLX-13658/aligned/SLX-13658.D701_D508.bam,EP300,12BR3,B
SLX-13658,D701_D501,ATTACTCG-TATAGCCT,FOXA1_4A_C_1_x,SLX-13658/aligned/SLX-13658.D701_D501.bam,FOXA1,4A,C
