Pool,Barcode,Sequence,Sample name,Bam File,Cell line,Gene,shRNA,Biological Rep
SLX-17401,UDI0001,CCGCGGTT-AGCGCTAG,SUMO2_36g_B_T47D_34B,SLX-17401/aligned/alignedmerged/SLX-17401.UDI0001.bam,T47D,SUMO2,36g,B
SLX-17401,UDI0002,TTATAACC-GATATCGA,EP300_11ar3_D_T47D_11D,SLX-17401/aligned/alignedmerged/SLX-17401.UDI0002.bam,T47D,EP300,11ar3,D
SLX-17401,UDI0003,GGACTTGG-CGCAGACG,NR2F2_18ar3_C_T47D_16C,SLX-17401/aligned/alignedmerged/SLX-17401.UDI0003.bam,T47D,NR2F2,18ar3,C
SLX-17401,UDI0004,AAGTCCAA-TATGAGTA,TRIM24_36c_E_T47D_24E,SLX-17401/aligned/alignedmerged/SLX-17401.UDI0004.bam,T47D,TRIM24,36c,E
SLX-17401,UDI0005,ATCCACTG-AGGTGCGT,TRIM28_39b_E_T47D_38E,SLX-17401/aligned/alignedmerged/SLX-17401.UDI0005.bam,T47D,TRIM28,39b,E
SLX-17401,UDI0006,GCTTGTCA-GAACATAC,CTRL_Renilla_C_T47D_41C,SLX-17401/aligned/alignedmerged/SLX-17401.UDI0006.bam,T47D,CTRL,Renilla,C
SLX-17401,UDI0007,CAAGCTAG-ACATAGCG,NR2F2_17ar3_A_T47D_15A,SLX-17401/aligned/alignedmerged/SLX-17401.UDI0007.bam,T47D,NR2F2,17ar3,A
SLX-17401,UDI0008,TGGATCGA-GTGCGATA,ESRRA_ESRRA-1_E_T47D_5E,SLX-17401/aligned/alignedmerged/SLX-17401.UDI0008.bam,T47D,ESRRA,ESRRA-1,E
SLX-17401,UDI0009,AGTTCAGG-CCAACAGA,NR2F2_18ar3_B_T47D_16B,SLX-17401/aligned/alignedmerged/SLX-17401.UDI0009.bam,T47D,NR2F2,18ar3,B
SLX-17401,UDI0010,GACCTGAA-TTGGTGAG,FoxA1_FOXA1-2_C_T47D_2C,SLX-17401/aligned/alignedmerged/SLX-17401.UDI0010.bam,T47D,FoxA1,FOXA1-2,C
SLX-17401,UDI0011,TCTCTACT-CGCGGTTC,ZMIZ1_19ar3_D_T47D_17D,SLX-17401/aligned/alignedmerged/SLX-17401.UDI0011.bam,T47D,ZMIZ1,19ar3,D
SLX-17401,UDI0012,CTCTCGTC-TATAACCT,EP300_11ar3_C_T47D_11C,SLX-17401/aligned/alignedmerged/SLX-17401.UDI0012.bam,T47D,EP300,11ar3,C
SLX-17401,UDI0013,CCAAGTCT-AAGGATGA,ESRRA_4br3_A_T47D_6A,SLX-17401/aligned/alignedmerged/SLX-17401.UDI0013.bam,T47D,ESRRA,4br3,A
SLX-17401,UDI0014,TTGGACTC-GGAAGCAG,ESRRA_ESRRA-1_D_T47D_5D,SLX-17401/aligned/alignedmerged/SLX-17401.UDI0014.bam,T47D,ESRRA,ESRRA-1,D
SLX-17401,UDI0015,GGCTTAAG-TCGTGACC,TRIM24_36c_C_T47D_24C,SLX-17401/aligned/alignedmerged/SLX-17401.UDI0015.bam,T47D,TRIM24,36c,C
SLX-17401,UDI0016,AATCCGGA-CTACAGTT,ZMIZ1_22m35b_A_T47D_18A,SLX-17401/aligned/alignedmerged/SLX-17401.UDI0016.bam,T47D,ZMIZ1,22m35b,A
SLX-17401,UDI0017,TAATACAG-ATATTCAC,DPF2_33a_B_T47D_31B,SLX-17401/aligned/alignedmerged/SLX-17401.UDI0017.bam,T47D,DPF2,33a,B
SLX-17401,UDI0018,CGGCGTGA-GCGCCTGT,NRIP1_5c_D_T47D_7D,SLX-17401/aligned/alignedmerged/SLX-17401.UDI0018.bam,T47D,NRIP1,5c,D
SLX-17401,UDI0019,ATGTAAGT-ACTCTATG,CTRL_Renilla_C_T47D_40C,SLX-17401/aligned/alignedmerged/SLX-17401.UDI0019.bam,T47D,CTRL,Renilla,C
SLX-17401,UDI0020,GCACGGAC-GTCTCGCA,EP300_12br4_A_T47D_12A,SLX-17401/aligned/alignedmerged/SLX-17401.UDI0020.bam,T47D,EP300,12br4,A
SLX-17401,UDI0021,GGTACCTT-AAGACGTC,GRHL2_37b_A_T47D_35A,SLX-17401/aligned/alignedmerged/SLX-17401.UDI0021.bam,T47D,GRHL2,37b,A
SLX-17401,UDI0022,AACGTTCC-GGAGTACT,TRIM28_39b_A_T47D_38A,SLX-17401/aligned/alignedmerged/SLX-17401.UDI0022.bam,T47D,TRIM28,39b,A
SLX-17401,UDI0023,GCAGAATT-ACCGGCCA,CREBBP_28gr3_A_T47D_26A,SLX-17401/aligned/alignedmerged/SLX-17401.UDI0023.bam,T47D,CREBBP,28gr3,A
SLX-17401,UDI0024,ATGAGGCC-GTTAATTG,TFAP2C_31a_B_T47D_29B,SLX-17401/aligned/alignedmerged/SLX-17401.UDI0024.bam,T47D,TFAP2C,31a,B
SLX-17401,UDI0025,ACTAAGAT-AACCGCGG,SUMO1_21m1_D_T47D_19D,SLX-17401/aligned/alignedmerged/SLX-17401.UDI0025.bam,T47D,SUMO1,21m1,D
SLX-17401,UDI0026,GTCGGAGC-GGTTATAA,GRHL2_38fr3_A_T47D_36A,SLX-17401/aligned/alignedmerged/SLX-17401.UDI0026.bam,T47D,GRHL2,38fr3,A
SLX-17401,UDI0027,CTTGGTAT-CCAAGTCC,SUMO3_m16_B_T47D_21B,SLX-17401/aligned/alignedmerged/SLX-17401.UDI0027.bam,T47D,SUMO3,m16,B
SLX-17401,UDI0028,TCCAACGC-TTGGACTT,NRIP1_6a_B_T47D_8B,SLX-17401/aligned/alignedmerged/SLX-17401.UDI0028.bam,T47D,NRIP1,6a,B
SLX-17401,UDI0029,CCGTGAAG-CAGTGGAT,TRIM28_40a_A_T47D_37A,SLX-17401/aligned/alignedmerged/SLX-17401.UDI0029.bam,T47D,TRIM28,40a,A
SLX-17401,UDI0030,TTACAGGA-TGACAAGC,GRHL2_37b_E_T47D_35E,SLX-17401/aligned/alignedmerged/SLX-17401.UDI0030.bam,T47D,GRHL2,37b,E
SLX-17401,UDI0031,GGCATTCT-CTAGCTTG,CTRL_Renilla_C_T47D_39C,SLX-17401/aligned/alignedmerged/SLX-17401.UDI0031.bam,T47D,CTRL,Renilla,C
SLX-17401,UDI0032,AATGCCTC-TCGATCCA,TRIM24_25c_C_T47D_23C,SLX-17401/aligned/alignedmerged/SLX-17401.UDI0032.bam,T47D,TRIM24,25c,C
SLX-17401,UDI0033,TACCGAGG-CCTGAACT,ZMIZ1_19ar3_E_T47D_17E,SLX-17401/aligned/alignedmerged/SLX-17401.UDI0033.bam,T47D,ZMIZ1,19ar3,E
SLX-17401,UDI0034,CGTTAGAA-TTCAGGTC,ESRRA_ESRRA-1_C_T47D_5C,SLX-17401/aligned/alignedmerged/SLX-17401.UDI0034.bam,T47D,ESRRA,ESRRA-1,C
SLX-17401,UDI0035,AGCCTCAT-AGTAGAGA,ESRRA_4br3_C_T47D_6C,SLX-17401/aligned/alignedmerged/SLX-17401.UDI0035.bam,T47D,ESRRA,4br3,C
SLX-17401,UDI0036,GATTCTGC-GACGAGAG,FoxA1_FOXA1-2_A_T47D_2A,SLX-17401/aligned/alignedmerged/SLX-17401.UDI0036.bam,T47D,FoxA1,FOXA1-2,A
SLX-17401,UDI0037,TCGTAGTG-AGACTTGG,DPF2_27a_C_T47D_32C,SLX-17401/aligned/alignedmerged/SLX-17401.UDI0037.bam,T47D,DPF2,27a,C
SLX-17401,UDI0038,CTACGACA-GAGTCCAA,ZMIZ1_22m35b_B_T47D_18B,SLX-17401/aligned/alignedmerged/SLX-17401.UDI0038.bam,T47D,ZMIZ1,22m35b,B
SLX-17401,UDI0039,TAAGTGGT-CTTAAGCC,EP300_11ar3_B_T47D_11B,SLX-17401/aligned/alignedmerged/SLX-17401.UDI0039.bam,T47D,EP300,11ar3,B
SLX-17401,UDI0040,CGGACAAC-TCCGGATT,CREBBP_34a_C_T47D_25C,SLX-17401/aligned/alignedmerged/SLX-17401.UDI0040.bam,T47D,CREBBP,34a,C
SLX-17401,UDI0041,ATATGGAT-CTGTATTA,NRIP1_5c_E_T47D_7E,SLX-17401/aligned/alignedmerged/SLX-17401.UDI0041.bam,T47D,NRIP1,5c,E
SLX-17401,UDI0042,GCGCAAGC-TCACGCCG,SUMO3_24ar3_B_T47D_22B,SLX-17401/aligned/alignedmerged/SLX-17401.UDI0042.bam,T47D,SUMO3,24ar3,B
SLX-17401,UDI0043,AAGATACT-ACTTACAT,DPF2_27a_D_T47D_32D,SLX-17401/aligned/alignedmerged/SLX-17401.UDI0043.bam,T47D,DPF2,27a,D
SLX-17401,UDI0044,GGAGCGTC-GTCCGTGC,RARA_8c_E_T47D_10E,SLX-17401/aligned/alignedmerged/SLX-17401.UDI0044.bam,T47D,RARA,8c,E
SLX-17401,UDI0045,ATGGCATG-AAGGTACC,TRIM33_13cr3_B_T47D_13B,SLX-17401/aligned/alignedmerged/SLX-17401.UDI0045.bam,T47D,TRIM33,13cr3,B
SLX-17401,UDI0046,GCAATGCA-GGAACGTT,GATA3_29k_A_T47D_27A,SLX-17401/aligned/alignedmerged/SLX-17401.UDI0046.bam,T47D,GATA3,29k,A
SLX-17401,UDI0047,GTTCCAAT-AATTCTGC,TRIM33_12m2_B_T47D_14B,SLX-17401/aligned/alignedmerged/SLX-17401.UDI0047.bam,T47D,TRIM33,12m2,B
SLX-17401,UDI0048,ACCTTGGC-GGCCTCAT,FoxA1_FOXA1-1_A_T47D_1A,SLX-17401/aligned/alignedmerged/SLX-17401.UDI0048.bam,T47D,FoxA1,FOXA1-1,A
SLX-17401,UDI0049,ATATCTCG-ATCTTAGT,CTRL_Renilla_A_T47D_39A,SLX-17401/aligned/alignedmerged/SLX-17401.UDI0049.bam,T47D,CTRL,Renilla,A
SLX-17401,UDI0050,GCGCTCTA-GCTCCGAC,NR2F2_17ar3_D_T47D_15D,SLX-17401/aligned/alignedmerged/SLX-17401.UDI0050.bam,T47D,NR2F2,17ar3,D
SLX-17401,UDI0051,AACAGGTT-ATACCAAG,NCOA3_NCOA3-2_B_T47D_4B,SLX-17401/aligned/alignedmerged/SLX-17401.UDI0051.bam,T47D,NCOA3,NCOA3-2,B
SLX-17401,UDI0052,GGTGAACC-GCGTTGGA,NRIP1_5c_C_T47D_7C,SLX-17401/aligned/alignedmerged/SLX-17401.UDI0052.bam,T47D,NRIP1,5c,C
SLX-17401,UDI0053,CAACAATG-CTTCACGG,CREBBP_28gr3_E_T47D_26E,SLX-17401/aligned/alignedmerged/SLX-17401.UDI0053.bam,T47D,CREBBP,28gr3,E
SLX-17401,UDI0054,TGGTGGCA-TCCTGTAA,TRIM24_36c_A_T47D_24A,SLX-17401/aligned/alignedmerged/SLX-17401.UDI0054.bam,T47D,TRIM24,36c,A
SLX-17401,UDI0055,AGGCAGAG-AGAATGCC,TFAP2C_32b_D_T47D_30D,SLX-17401/aligned/alignedmerged/SLX-17401.UDI0055.bam,T47D,TFAP2C,32b,D
SLX-17401,UDI0056,GAATGAGA-GAGGCATT,SUMO2_35m_D_T47D_33D,SLX-17401/aligned/alignedmerged/SLX-17401.UDI0056.bam,T47D,SUMO2,35m,D
SLX-17401,UDI0057,TGCGGCGT-CCTCGGTA,SUMO3_m16_E_T47D_21E,SLX-17401/aligned/alignedmerged/SLX-17401.UDI0057.bam,T47D,SUMO3,m16,E
SLX-17401,UDI0058,CATAATAC-TTCTAACG,RARA_8c_A_T47D_10A,SLX-17401/aligned/alignedmerged/SLX-17401.UDI0058.bam,T47D,RARA,8c,A
SLX-17401,UDI0059,GATCTATC-ATGAGGCT,DPF2_33a_E_T47D_31E,SLX-17401/aligned/alignedmerged/SLX-17401.UDI0059.bam,T47D,DPF2,33a,E
SLX-17401,UDI0060,AGCTCGCT-GCAGAATC,GRHL2_38fr3_E_T47D_36E,SLX-17401/aligned/alignedmerged/SLX-17401.UDI0060.bam,T47D,GRHL2,38fr3,E
SLX-17401,UDI0061,CGGAACTG-CACTACGA,CTRL_Renilla_D_T47D_40D,SLX-17401/aligned/alignedmerged/SLX-17401.UDI0061.bam,T47D,CTRL,Renilla,D
SLX-17401,UDI0062,TAAGGTCA-TGTCGTAG,NRIP1_5c_A_T47D_7A,SLX-17401/aligned/alignedmerged/SLX-17401.UDI0062.bam,T47D,NRIP1,5c,A
SLX-17401,UDI0063,TTGCCTAG-ACCACTTA,EP300_12br4_E_T47D_12E,SLX-17401/aligned/alignedmerged/SLX-17401.UDI0063.bam,T47D,EP300,12br4,E
SLX-17401,UDI0064,CCATTCGA-GTTGTCCG,GATA3_30a_B_T47D_28B,SLX-17401/aligned/alignedmerged/SLX-17401.UDI0064.bam,T47D,GATA3,30a,B
SLX-17401,UDI0065,ACACTAAG-ATCCATAT,NCOA3_NCOA3-2_C_T47D_4C,SLX-17401/aligned/alignedmerged/SLX-17401.UDI0065.bam,T47D,NCOA3,NCOA3-2,C
SLX-17401,UDI0066,GTGTCGGA-GCTTGCGC,TRIM24_36c_D_T47D_24D,SLX-17401/aligned/alignedmerged/SLX-17401.UDI0066.bam,T47D,TRIM24,36c,D
SLX-17401,UDI0067,TTCCTGTT-AGTATCTT,SUMO2_36g_D_T47D_34D,SLX-17401/aligned/alignedmerged/SLX-17401.UDI0067.bam,T47D,SUMO2,36g,D
SLX-17401,UDI0068,CCTTCACC-GACGCTCC,NR2F2_17ar3_B_T47D_15B,SLX-17401/aligned/alignedmerged/SLX-17401.UDI0068.bam,T47D,NR2F2,17ar3,B
SLX-17401,UDI0069,GCCACAGG-CATGCCAT,NCOA3_1dr2_E_T47D_3E,SLX-17401/aligned/alignedmerged/SLX-17401.UDI0069.bam,T47D,NCOA3,1dr2,E
SLX-17401,UDI0070,ATTGTGAA-TGCATTGC,SUMO2_35m_A_T47D_33A,SLX-17401/aligned/alignedmerged/SLX-17401.UDI0070.bam,T47D,SUMO2,35m,A
SLX-17401,UDI0071,ACTCGTGT-ATTGGAAC,TRIM28_39b_B_T47D_38B,SLX-17401/aligned/alignedmerged/SLX-17401.UDI0071.bam,T47D,TRIM28,39b,B
SLX-17401,UDI0072,GTCTACAC-GCCAAGGT,CTRL_Renilla_D_T47D_41D,SLX-17401/aligned/alignedmerged/SLX-17401.UDI0072.bam,T47D,CTRL,Renilla,D
SLX-17401,UDI0073,CAATTAAC-CGAGATAT,DPF2_27a_E_T47D_32E,SLX-17401/aligned/alignedmerged/SLX-17401.UDI0073.bam,T47D,DPF2,27a,E
SLX-17401,UDI0074,TGGCCGGT-TAGAGCGC,SUMO1_m35_C_T47D_20C,SLX-17401/aligned/alignedmerged/SLX-17401.UDI0074.bam,T47D,SUMO1,m35,C
SLX-17401,UDI0075,AGTACTCC-AACCTGTT,RARA_7b_C_T47D_9C,SLX-17401/aligned/alignedmerged/SLX-17401.UDI0075.bam,T47D,RARA,7b,C
SLX-17401,UDI0076,GACGTCTT-GGTTCACC,CTRL_Renilla_B_T47D_40B,SLX-17401/aligned/alignedmerged/SLX-17401.UDI0076.bam,T47D,CTRL,Renilla,B
SLX-17401,UDI0077,TGCGAGAC-CATTGTTG,TRIM33_12m2_A_T47D_14A,SLX-17401/aligned/alignedmerged/SLX-17401.UDI0077.bam,T47D,TRIM33,12m2,A
SLX-17401,UDI0078,CATAGAGT-TGCCACCA,FoxA1_FOXA1-1_B_T47D_1B,SLX-17401/aligned/alignedmerged/SLX-17401.UDI0078.bam,T47D,FoxA1,FOXA1-1,B
SLX-17611,UDI0001,CCGCGGTT-AGCGCTAG,NCOA3_NCOA3-2_E_T47D_4E,SLX-17611/aligned/alignedmerged/SLX-17611.UDI0001.bam,T47D,NCOA3,NCOA3-2,E
SLX-17611,UDI0002,TTATAACC-GATATCGA,TRIM24_36c_D_T47D_24D,SLX-17611/aligned/alignedmerged/SLX-17611.UDI0002.bam,T47D,TRIM24,36c,D
SLX-17611,UDI0003,GGACTTGG-CGCAGACG,ESRRA_ESRRA-1_D_T47D_5D,SLX-17611/aligned/alignedmerged/SLX-17611.UDI0003.bam,T47D,ESRRA,ESRRA-1,D
SLX-17611,UDI0004,AAGTCCAA-TATGAGTA,RARA_8c_B_T47D_10B,SLX-17611/aligned/alignedmerged/SLX-17611.UDI0004.bam,T47D,RARA,8c,B
SLX-17611,UDI0005,ATCCACTG-AGGTGCGT,SUMO1_21m1_E_T47D_19E,SLX-17611/aligned/alignedmerged/SLX-17611.UDI0005.bam,T47D,SUMO1,21m1,E
SLX-17611,UDI0006,GCTTGTCA-GAACATAC,CTRL_Renilla_B_T47D_39B,SLX-17611/aligned/alignedmerged/SLX-17611.UDI0006.bam,T47D,CTRL,Renilla,B
SLX-17611,UDI0007,CAAGCTAG-ACATAGCG,DPF2_33a_E_T47D_31E,SLX-17611/aligned/alignedmerged/SLX-17611.UDI0007.bam,T47D,DPF2,33a,E
SLX-17611,UDI0008,TGGATCGA-GTGCGATA,TRIM33_12m2_E_T47D_14E,SLX-17611/aligned/alignedmerged/SLX-17611.UDI0008.bam,T47D,TRIM33,12m2,E
SLX-17611,UDI0009,AGTTCAGG-CCAACAGA,TFAP2C_32b_E_T47D_30E,SLX-17611/aligned/alignedmerged/SLX-17611.UDI0009.bam,T47D,TFAP2C,32b,E
SLX-17611,UDI0010,GACCTGAA-TTGGTGAG,TRIM28_39b_C_T47D_38C,SLX-17611/aligned/alignedmerged/SLX-17611.UDI0010.bam,T47D,TRIM28,39b,C
SLX-17611,UDI0011,TCTCTACT-CGCGGTTC,SUMO3_24ar3_D_T47D_22D,SLX-17611/aligned/alignedmerged/SLX-17611.UDI0011.bam,T47D,SUMO3,24ar3,D
SLX-17611,UDI0012,CTCTCGTC-TATAACCT,TRIM28_40a_B_T47D_37B,SLX-17611/aligned/alignedmerged/SLX-17611.UDI0012.bam,T47D,TRIM28,40a,B
SLX-17611,UDI0013,CCAAGTCT-AAGGATGA,ESRRA_4br3_E_T47D_6E,SLX-17611/aligned/alignedmerged/SLX-17611.UDI0013.bam,T47D,ESRRA,4br3,E
SLX-17611,UDI0014,TTGGACTC-GGAAGCAG,ZMIZ1_19ar3_B_T47D_17B,SLX-17611/aligned/alignedmerged/SLX-17611.UDI0014.bam,T47D,ZMIZ1,19ar3,B
SLX-17611,UDI0015,GGCTTAAG-TCGTGACC,GRHL2_38fr3_A_T47D_36A,SLX-17611/aligned/alignedmerged/SLX-17611.UDI0015.bam,T47D,GRHL2,38fr3,A
SLX-17611,UDI0016,AATCCGGA-CTACAGTT,RARA_7b_D_T47D_9D,SLX-17611/aligned/alignedmerged/SLX-17611.UDI0016.bam,T47D,RARA,7b,D
SLX-17611,UDI0017,TAATACAG-ATATTCAC,EP300_11ar3_C_T47D_11C,SLX-17611/aligned/alignedmerged/SLX-17611.UDI0017.bam,T47D,EP300,11ar3,C
SLX-17611,UDI0018,CGGCGTGA-GCGCCTGT,NR2F2_17ar3_B_T47D_15B,SLX-17611/aligned/alignedmerged/SLX-17611.UDI0018.bam,T47D,NR2F2,17ar3,B
SLX-17611,UDI0019,ATGTAAGT-ACTCTATG,SUMO2_35m_A_T47D_33A,SLX-17611/aligned/alignedmerged/SLX-17611.UDI0019.bam,T47D,SUMO2,35m,A
SLX-17611,UDI0020,GCACGGAC-GTCTCGCA,CTRL_Renilla_D_T47D_41D,SLX-17611/aligned/alignedmerged/SLX-17611.UDI0020.bam,T47D,CTRL,Renilla,D
SLX-17611,UDI0021,GGTACCTT-AAGACGTC,NRIP1_5c_B_T47D_7B,SLX-17611/aligned/alignedmerged/SLX-17611.UDI0021.bam,T47D,NRIP1,5c,B
SLX-17611,UDI0022,AACGTTCC-GGAGTACT,EP300_12br4_C_T47D_12C,SLX-17611/aligned/alignedmerged/SLX-17611.UDI0022.bam,T47D,EP300,12br4,C
SLX-17611,UDI0023,GCAGAATT-ACCGGCCA,SUMO1_m35_D_T47D_20D,SLX-17611/aligned/alignedmerged/SLX-17611.UDI0023.bam,T47D,SUMO1,m35,D
SLX-17611,UDI0024,ATGAGGCC-GTTAATTG,NR2F2_18ar3_C_T47D_16C,SLX-17611/aligned/alignedmerged/SLX-17611.UDI0024.bam,T47D,NR2F2,18ar3,C
SLX-17611,UDI0025,ACTAAGAT-AACCGCGG,DPF2_27a_D_T47D_32D,SLX-17611/aligned/alignedmerged/SLX-17611.UDI0025.bam,T47D,DPF2,27a,D
SLX-17611,UDI0026,GTCGGAGC-GGTTATAA,ZMIZ1_22m35b_D_T47D_18D,SLX-17611/aligned/alignedmerged/SLX-17611.UDI0026.bam,T47D,ZMIZ1,22m35b,D
SLX-17611,UDI0027,CTTGGTAT-CCAAGTCC,FoxA1_FOXA1-2_B_T47D_2B,SLX-17611/aligned/alignedmerged/SLX-17611.UDI0027.bam,T47D,FoxA1,FOXA1-2,B
SLX-17611,UDI0028,TCCAACGC-TTGGACTT,CREBBP_28gr3_C_T47D_26C,SLX-17611/aligned/alignedmerged/SLX-17611.UDI0028.bam,T47D,CREBBP,28gr3,C
SLX-17611,UDI0029,CCGTGAAG-CAGTGGAT,RARA_7b_B_T47D_9B,SLX-17611/aligned/alignedmerged/SLX-17611.UDI0029.bam,T47D,RARA,7b,B
SLX-17611,UDI0030,TTACAGGA-TGACAAGC,CREBBP_34a_D_T47D_25D,SLX-17611/aligned/alignedmerged/SLX-17611.UDI0030.bam,T47D,CREBBP,34a,D
SLX-17611,UDI0031,GGCATTCT-CTAGCTTG,NRIP1_6a_D_T47D_8D,SLX-17611/aligned/alignedmerged/SLX-17611.UDI0031.bam,T47D,NRIP1,6a,D
SLX-17611,UDI0032,AATGCCTC-TCGATCCA,GATA3_29k_B_T47D_27B,SLX-17611/aligned/alignedmerged/SLX-17611.UDI0032.bam,T47D,GATA3,29k,B
SLX-17611,UDI0033,TACCGAGG-CCTGAACT,TRIM28_40a_C_T47D_37C,SLX-17611/aligned/alignedmerged/SLX-17611.UDI0033.bam,T47D,TRIM28,40a,C
SLX-17611,UDI0034,CGTTAGAA-TTCAGGTC,ESRRA_4br3_B_T47D_6B,SLX-17611/aligned/alignedmerged/SLX-17611.UDI0034.bam,T47D,ESRRA,4br3,B
SLX-17611,UDI0035,AGCCTCAT-AGTAGAGA,GATA3_30a_A_T47D_28A,SLX-17611/aligned/alignedmerged/SLX-17611.UDI0035.bam,T47D,GATA3,30a,A
SLX-17611,UDI0036,GATTCTGC-GACGAGAG,GRHL2_38fr3_B_T47D_36B,SLX-17611/aligned/alignedmerged/SLX-17611.UDI0036.bam,T47D,GRHL2,38fr3,B
SLX-17611,UDI0037,TCGTAGTG-AGACTTGG,TRIM24_25c_E_T47D_23E,SLX-17611/aligned/alignedmerged/SLX-17611.UDI0037.bam,T47D,TRIM24,25c,E
SLX-17611,UDI0038,CTACGACA-GAGTCCAA,SUMO3_24ar3_A_T47D_22A,SLX-17611/aligned/alignedmerged/SLX-17611.UDI0038.bam,T47D,SUMO3,24ar3,A
SLX-17611,UDI0039,TAAGTGGT-CTTAAGCC,TRIM28_39b_D_T47D_38D,SLX-17611/aligned/alignedmerged/SLX-17611.UDI0039.bam,T47D,TRIM28,39b,D
SLX-17611,UDI0040,CGGACAAC-TCCGGATT,TFAP2C_32b_A_T47D_30A,SLX-17611/aligned/alignedmerged/SLX-17611.UDI0040.bam,T47D,TFAP2C,32b,A
SLX-17611,UDI0041,ATATGGAT-CTGTATTA,NRIP1_5c_E_T47D_7E,SLX-17611/aligned/alignedmerged/SLX-17611.UDI0041.bam,T47D,NRIP1,5c,E
SLX-17611,UDI0042,GCGCAAGC-TCACGCCG,CTRL_Renilla_E_T47D_40E,SLX-17611/aligned/alignedmerged/SLX-17611.UDI0042.bam,T47D,CTRL,Renilla,E
SLX-17611,UDI0043,AAGATACT-ACTTACAT,TFAP2C_31a_E_T47D_29E,SLX-17611/aligned/alignedmerged/SLX-17611.UDI0043.bam,T47D,TFAP2C,31a,E
SLX-17611,UDI0044,GGAGCGTC-GTCCGTGC,DPF2_33a_C_T47D_31C,SLX-17611/aligned/alignedmerged/SLX-17611.UDI0044.bam,T47D,DPF2,33a,C
SLX-17611,UDI0045,ATGGCATG-AAGGTACC,SUMO2_36g_E_T47D_34E,SLX-17611/aligned/alignedmerged/SLX-17611.UDI0045.bam,T47D,SUMO2,36g,E
SLX-17611,UDI0046,GCAATGCA-GGAACGTT,ESRRA_ESRRA-1_A_T47D_5A,SLX-17611/aligned/alignedmerged/SLX-17611.UDI0046.bam,T47D,ESRRA,ESRRA-1,A
SLX-17611,UDI0047,GTTCCAAT-AATTCTGC,TRIM24_36c_E_T47D_24E,SLX-17611/aligned/alignedmerged/SLX-17611.UDI0047.bam,T47D,TRIM24,36c,E
SLX-17611,UDI0048,ACCTTGGC-GGCCTCAT,TRIM33_13cr3_D_T47D_13D,SLX-17611/aligned/alignedmerged/SLX-17611.UDI0048.bam,T47D,TRIM33,13cr3,D
SLX-17611,UDI0049,ATATCTCG-ATCTTAGT,TRIM24_25c_D_T47D_23D,SLX-17611/aligned/alignedmerged/SLX-17611.UDI0049.bam,T47D,TRIM24,25c,D
SLX-17611,UDI0050,GCGCTCTA-GCTCCGAC,EP300_12br4_B_T47D_12B,SLX-17611/aligned/alignedmerged/SLX-17611.UDI0050.bam,T47D,EP300,12br4,B
SLX-17611,UDI0051,AACAGGTT-ATACCAAG,NRIP1_5c_A_T47D_7A,SLX-17611/aligned/alignedmerged/SLX-17611.UDI0051.bam,T47D,NRIP1,5c,A
SLX-17611,UDI0052,GGTGAACC-GCGTTGGA,SUMO1_m35_A_T47D_20A,SLX-17611/aligned/alignedmerged/SLX-17611.UDI0052.bam,T47D,SUMO1,m35,A
SLX-17611,UDI0053,CAACAATG-CTTCACGG,NR2F2_18ar3_E_T47D_16E,SLX-17611/aligned/alignedmerged/SLX-17611.UDI0053.bam,T47D,NR2F2,18ar3,E
SLX-17611,UDI0054,TGGTGGCA-TCCTGTAA,SUMO2_35m_B_T47D_33B,SLX-17611/aligned/alignedmerged/SLX-17611.UDI0054.bam,T47D,SUMO2,35m,B
SLX-17611,UDI0055,AGGCAGAG-AGAATGCC,NCOA3_1dr2_B_T47D_3B,SLX-17611/aligned/alignedmerged/SLX-17611.UDI0055.bam,T47D,NCOA3,1dr2,B
SLX-17611,UDI0056,GAATGAGA-GAGGCATT,EP300_11ar3_E_T47D_11E,SLX-17611/aligned/alignedmerged/SLX-17611.UDI0056.bam,T47D,EP300,11ar3,E
SLX-17611,UDI0057,TGCGGCGT-CCTCGGTA,NR2F2_18ar3_A_T47D_16A,SLX-17611/aligned/alignedmerged/SLX-17611.UDI0057.bam,T47D,NR2F2,18ar3,A
SLX-17611,UDI0058,CATAATAC-TTCTAACG,ESRRA_ESRRA-1_E_T47D_5E,SLX-17611/aligned/alignedmerged/SLX-17611.UDI0058.bam,T47D,ESRRA,ESRRA-1,E
SLX-17611,UDI0059,GATCTATC-ATGAGGCT,SUMO2_36g_A_T47D_34A,SLX-17611/aligned/alignedmerged/SLX-17611.UDI0059.bam,T47D,SUMO2,36g,A
SLX-17611,UDI0060,AGCTCGCT-GCAGAATC,TRIM24_36c_A_T47D_24A,SLX-17611/aligned/alignedmerged/SLX-17611.UDI0060.bam,T47D,TRIM24,36c,A
SLX-17611,UDI0061,CGGAACTG-CACTACGA,TRIM33_13cr3_C_T47D_13C,SLX-17611/aligned/alignedmerged/SLX-17611.UDI0061.bam,T47D,TRIM33,13cr3,C
SLX-17611,UDI0062,TAAGGTCA-TGTCGTAG,TFAP2C_31a_D_T47D_29D,SLX-17611/aligned/alignedmerged/SLX-17611.UDI0062.bam,T47D,TFAP2C,31a,D
SLX-17611,UDI0063,TTGCCTAG-ACCACTTA,CTRL_Renilla_D_T47D_40D,SLX-17611/aligned/alignedmerged/SLX-17611.UDI0063.bam,T47D,CTRL,Renilla,D
SLX-17611,UDI0064,CCATTCGA-GTTGTCCG,NRIP1_5c_C_T47D_7C,SLX-17611/aligned/alignedmerged/SLX-17611.UDI0064.bam,T47D,NRIP1,5c,C
SLX-17611,UDI0065,ACACTAAG-ATCCATAT,GRHL2_37b_D_T47D_35D,SLX-17611/aligned/alignedmerged/SLX-17611.UDI0065.bam,T47D,GRHL2,37b,D
SLX-17611,UDI0066,GTGTCGGA-GCTTGCGC,DPF2_33a_A_T47D_31A,SLX-17611/aligned/alignedmerged/SLX-17611.UDI0066.bam,T47D,DPF2,33a,A
SLX-17611,UDI0067,TTCCTGTT-AGTATCTT,CTRL_Renilla_A_T47D_40A,SLX-17611/aligned/alignedmerged/SLX-17611.UDI0067.bam,T47D,CTRL,Renilla,A
SLX-17611,UDI0068,CCTTCACC-GACGCTCC,FoxA1_FOXA1-1_C_T47D_1C,SLX-17611/aligned/alignedmerged/SLX-17611.UDI0068.bam,T47D,FoxA1,FOXA1-1,C
SLX-17611,UDI0069,GCCACAGG-CATGCCAT,ESRRA_ESRRA-1_C_T47D_5C,SLX-17611/aligned/alignedmerged/SLX-17611.UDI0069.bam,T47D,ESRRA,ESRRA-1,C
SLX-17611,UDI0070,ATTGTGAA-TGCATTGC,SUMO3_m16_C_T47D_21C,SLX-17611/aligned/alignedmerged/SLX-17611.UDI0070.bam,T47D,SUMO3,m16,C
SLX-17611,UDI0071,ACTCGTGT-ATTGGAAC,RARA_8c_C_T47D_10C,SLX-17611/aligned/alignedmerged/SLX-17611.UDI0071.bam,T47D,RARA,8c,C
SLX-17611,UDI0072,GTCTACAC-GCCAAGGT,SUMO1_21m1_A_T47D_19A,SLX-17611/aligned/alignedmerged/SLX-17611.UDI0072.bam,T47D,SUMO1,21m1,A
SLX-17611,UDI0073,CAATTAAC-CGAGATAT,GATA3_29k_C_T47D_27C,SLX-17611/aligned/alignedmerged/SLX-17611.UDI0073.bam,T47D,GATA3,29k,C
SLX-17611,UDI0074,TGGCCGGT-TAGAGCGC,NRIP1_6a_A_T47D_8A,SLX-17611/aligned/alignedmerged/SLX-17611.UDI0074.bam,T47D,NRIP1,6a,A
SLX-17611,UDI0075,AGTACTCC-AACCTGTT,CREBBP_34a_B_T47D_25B,SLX-17611/aligned/alignedmerged/SLX-17611.UDI0075.bam,T47D,CREBBP,34a,B
SLX-17611,UDI0076,GACGTCTT-GGTTCACC,DPF2_27a_A_T47D_32A,SLX-17611/aligned/alignedmerged/SLX-17611.UDI0076.bam,T47D,DPF2,27a,A
SLX-17611,UDI0077,TGCGAGAC-CATTGTTG,FoxA1_FOXA1-2_D_T47D_2D,SLX-17611/aligned/alignedmerged/SLX-17611.UDI0077.bam,T47D,FoxA1,FOXA1-2,D
SLX-17611,UDI0078,CATAGAGT-TGCCACCA,ZMIZ1_22m35b_E_T47D_18E,SLX-17611/aligned/alignedmerged/SLX-17611.UDI0078.bam,T47D,ZMIZ1,22m35b,E
SLX-17619,UDI0001,CCGCGGTT-AGCGCTAG,TRIM24_36c_D_T47D_24D,SLX-17619/aligned/alignedmerged/SLX-17619.UDI0001.bam,T47D,TRIM24,36c,D
SLX-17619,UDI0002,TTATAACC-GATATCGA,SUMO1_m35_B_T47D_20B,SLX-17619/aligned/alignedmerged/SLX-17619.UDI0002.bam,T47D,SUMO1,m35,B
SLX-17619,UDI0003,GGACTTGG-CGCAGACG,TRIM33_13cr3_E_T47D_13E,SLX-17619/aligned/alignedmerged/SLX-17619.UDI0003.bam,T47D,TRIM33,13cr3,E
SLX-17619,UDI0004,AAGTCCAA-TACTCATA,FoxA1_FOXA1-1_E_T47D_1E,SLX-17619/aligned/alignedmerged/SLX-17619.UDI0004.bam,T47D,FoxA1,FOXA1-1,E
SLX-17619,UDI0005,ATCCACTG-ACGCACCT,CTRL_Renilla_A_T47D_41A,SLX-17619/aligned/alignedmerged/SLX-17619.UDI0005.bam,T47D,CTRL,Renilla,A
SLX-17619,UDI0006,GCTTGTCA-GAACATAC,NRIP1_6a_C_T47D_8C,SLX-17619/aligned/alignedmerged/SLX-17619.UDI0006.bam,T47D,NRIP1,6a,C
SLX-17619,UDI0007,CAAGCTAG-ACATAGCG,TFAP2C_31a_C_T47D_29C,SLX-17619/aligned/alignedmerged/SLX-17619.UDI0007.bam,T47D,TFAP2C,31a,C
SLX-17619,UDI0008,TGGATCGA-GTGCGATA,NR2F2_18ar3_C_T47D_16C,SLX-17619/aligned/alignedmerged/SLX-17619.UDI0008.bam,T47D,NR2F2,18ar3,C
SLX-17619,UDI0009,AGTTCAGG-CCAACAGA,NRIP1_6a_E_T47D_8E,SLX-17619/aligned/alignedmerged/SLX-17619.UDI0009.bam,T47D,NRIP1,6a,E
SLX-17619,UDI0010,GACCTGAA-CTCACCAA,CTRL_Renilla_D_T47D_41D,SLX-17619/aligned/alignedmerged/SLX-17619.UDI0010.bam,T47D,CTRL,Renilla,D
SLX-17619,UDI0011,TCTCTACT-CGCGGTTC,NR2F2_18ar3_D_T47D_16D,SLX-17619/aligned/alignedmerged/SLX-17619.UDI0011.bam,T47D,NR2F2,18ar3,D
SLX-17619,UDI0012,CTCTCGTC-AGGTTATA,SUMO1_m35_E_T47D_20E,SLX-17619/aligned/alignedmerged/SLX-17619.UDI0012.bam,T47D,SUMO1,m35,E
SLX-17619,UDI0013,CCAAGTCT-AAGGATGA,TFAP2C_31a_A_T47D_29A,SLX-17619/aligned/alignedmerged/SLX-17619.UDI0013.bam,T47D,TFAP2C,31a,A
SLX-17619,UDI0014,TTGGACTC-CTGCTTCC,TFAP2C_32b_B_T47D_30B,SLX-17619/aligned/alignedmerged/SLX-17619.UDI0014.bam,T47D,TFAP2C,32b,B
SLX-17619,UDI0015,GGCTTAAG-GGTCACGA,TRIM33_13cr3_A_T47D_13A,SLX-17619/aligned/alignedmerged/SLX-17619.UDI0015.bam,T47D,TRIM33,13cr3,A
SLX-17619,UDI0016,AATCCGGA-AACTGTAG,TRIM24_36c_A_T47D_24A,SLX-17619/aligned/alignedmerged/SLX-17619.UDI0016.bam,T47D,TRIM24,36c,A
SLX-17619,UDI0017,TAATACAG-ATATTCAC,TFAP2C_32b_C_T47D_30C,SLX-17619/aligned/alignedmerged/SLX-17619.UDI0017.bam,T47D,TFAP2C,32b,C
SLX-17619,UDI0018,CGGCGTGA-ACAGGCGC,GATA3_29k_D_T47D_27D,SLX-17619/aligned/alignedmerged/SLX-17619.UDI0018.bam,T47D,GATA3,29k,D
SLX-17619,UDI0019,ATGTAAGT-ACTCTATG,TRIM24_36c_B_T47D_24B,SLX-17619/aligned/alignedmerged/SLX-17619.UDI0019.bam,T47D,TRIM24,36c,B
SLX-17619,UDI0020,GCACGGAC-GTCTCGCA,CTRL_Renilla_D_T47D_40D,SLX-17619/aligned/alignedmerged/SLX-17619.UDI0020.bam,T47D,CTRL,Renilla,D
SLX-17619,UDI0021,GGTACCTT-AAGACGTC,DPF2_33a_D_T47D_31D,SLX-17619/aligned/alignedmerged/SLX-17619.UDI0021.bam,T47D,DPF2,33a,D
SLX-17619,UDI0022,AACGTTCC-AGTACTCC,NCOA3_NCOA3-2_D_T47D_4D,SLX-17619/aligned/alignedmerged/SLX-17619.UDI0022.bam,T47D,NCOA3,NCOA3-2,D
SLX-17619,UDI0023,GCAGAATT-ACCGGCCA,EP300_11ar3_A_T47D_11A,SLX-17619/aligned/alignedmerged/SLX-17619.UDI0023.bam,T47D,EP300,11ar3,A
SLX-17619,UDI0024,ATGAGGCC-CAATTAAC,ESRRA_ESRRA-1_B_T47D_5B,SLX-17619/aligned/alignedmerged/SLX-17619.UDI0024.bam,T47D,ESRRA,ESRRA-1,B
SLX-17619,UDI0025,ACTAAGAT-AACCGCGG,NCOA3_NCOA3-2_A_T47D_4A,SLX-17619/aligned/alignedmerged/SLX-17619.UDI0025.bam,T47D,NCOA3,NCOA3-2,A
SLX-17619,UDI0026,GTCGGAGC-GGTTATAA,DPF2_33a_E_T47D_31E,SLX-17619/aligned/alignedmerged/SLX-17619.UDI0026.bam,T47D,DPF2,33a,E
SLX-17619,UDI0027,CTTGGTAT-CCAAGTCC,ESRRA_ESRRA-1_E_T47D_5E,SLX-17619/aligned/alignedmerged/SLX-17619.UDI0027.bam,T47D,ESRRA,ESRRA-1,E
SLX-17619,UDI0028,TCCAACGC-AAGTCCAA,GATA3_29k_E_T47D_27E,SLX-17619/aligned/alignedmerged/SLX-17619.UDI0028.bam,T47D,GATA3,29k,E
SLX-17619,UDI0029,CCGTGAAG-ATCCACTG,EP300_11ar3_C_T47D_11C,SLX-17619/aligned/alignedmerged/SLX-17619.UDI0029.bam,T47D,EP300,11ar3,C
SLX-17619,UDI0030,TTACAGGA-GCTTGTCA,CTRL_Renilla_E_T47D_39E,SLX-17619/aligned/alignedmerged/SLX-17619.UDI0030.bam,T47D,CTRL,Renilla,E
SLX-17619,UDI0031,GGCATTCT-CAAGCTAG,TRIM28_40a_E_T47D_37E,SLX-17619/aligned/alignedmerged/SLX-17619.UDI0031.bam,T47D,TRIM28,40a,E
SLX-17619,UDI0032,AATGCCTC-TCGATCCA,FoxA1_FOXA1-2_E_T47D_2E,SLX-17619/aligned/alignedmerged/SLX-17619.UDI0032.bam,T47D,FoxA1,FOXA1-2,E
SLX-17619,UDI0033,TACCGAGG-AGTTCAGG,CTRL_Renilla_D_T47D_39D,SLX-17619/aligned/alignedmerged/SLX-17619.UDI0033.bam,T47D,CTRL,Renilla,D
SLX-17619,UDI0034,CGTTAGAA-GACCTGAA,NR2F2_17ar3_B_T47D_15B,SLX-17619/aligned/alignedmerged/SLX-17619.UDI0034.bam,T47D,NR2F2,17ar3,B
SLX-17619,UDI0035,AGCCTCAT-AGTAGAGA,ZMIZ1_22m35b_C_T47D_18C,SLX-17619/aligned/alignedmerged/SLX-17619.UDI0035.bam,T47D,ZMIZ1,22m35b,C
SLX-17619,UDI0036,GATTCTGC-CTCTCGTC,GATA3_30a_E_T47D_28E,SLX-17619/aligned/alignedmerged/SLX-17619.UDI0036.bam,T47D,GATA3,30a,E
SLX-17619,UDI0037,TCGTAGTG-AGACTTGG,TRIM28_40a_D_T47D_37D,SLX-17619/aligned/alignedmerged/SLX-17619.UDI0037.bam,T47D,TRIM28,40a,D
SLX-17619,UDI0038,CTACGACA-GAGTCCAA,SUMO3_24ar3_C_T47D_22C,SLX-17619/aligned/alignedmerged/SLX-17619.UDI0038.bam,T47D,SUMO3,24ar3,C
SLX-17619,UDI0039,TAAGTGGT-CTTAAGCC,TRIM24_25c_B_T47D_23B,SLX-17619/aligned/alignedmerged/SLX-17619.UDI0039.bam,T47D,TRIM24,25c,B
SLX-17619,UDI0040,CGGACAAC-AATCCGGA,TRIM33_12m2_C_T47D_14C,SLX-17619/aligned/alignedmerged/SLX-17619.UDI0040.bam,T47D,TRIM33,12m2,C
SLX-17619,UDI0041,ATATGGAT-CTGTATTA,DPF2_27a_B_T47D_32B,SLX-17619/aligned/alignedmerged/SLX-17619.UDI0041.bam,T47D,DPF2,27a,B
SLX-17619,UDI0042,GCGCAAGC-CGGCGTGA,NRIP1_5c_E_T47D_7E,SLX-17619/aligned/alignedmerged/SLX-17619.UDI0042.bam,T47D,NRIP1,5c,E
SLX-17619,UDI0043,AAGATACT-ACTTACAT,CREBBP_28gr3_D_T47D_26D,SLX-17619/aligned/alignedmerged/SLX-17619.UDI0043.bam,T47D,CREBBP,28gr3,D
SLX-17619,UDI0044,GGAGCGTC-GCACGGAC,GRHL2_38fr3_A_T47D_36A,SLX-17619/aligned/alignedmerged/SLX-17619.UDI0044.bam,T47D,GRHL2,38fr3,A
SLX-17619,UDI0045,ATGGCATG-AAGGTACC,SUMO1_21m1_B_T47D_19B,SLX-17619/aligned/alignedmerged/SLX-17619.UDI0045.bam,T47D,SUMO1,21m1,B
SLX-17619,UDI0046,GCAATGCA-AACGTTCC,NR2F2_17ar3_E_T47D_15E,SLX-17619/aligned/alignedmerged/SLX-17619.UDI0046.bam,T47D,NR2F2,17ar3,E
SLX-17619,UDI0047,GTTCCAAT-AATTCTGC,ESRRA_ESRRA-1_D_T47D_5D,SLX-17619/aligned/alignedmerged/SLX-17619.UDI0047.bam,T47D,ESRRA,ESRRA-1,D
SLX-17619,UDI0048,ACCTTGGC-ATGAGGCC,SUMO3_m16_D_T47D_21D,SLX-17619/aligned/alignedmerged/SLX-17619.UDI0048.bam,T47D,SUMO3,m16,D
SLX-17619,UDI0049,ATATCTCG-ACTAAGAT,ESRRA_4br3_D_T47D_6D,SLX-17619/aligned/alignedmerged/SLX-17619.UDI0049.bam,T47D,ESRRA,4br3,D
SLX-17619,UDI0050,GCGCTCTA-GCTCCGAC,SUMO2_36g_C_T47D_34C,SLX-17619/aligned/alignedmerged/SLX-17619.UDI0050.bam,T47D,SUMO2,36g,C
SLX-17619,UDI0051,AACAGGTT-ATACCAAG,SUMO3_m16_A_T47D_21A,SLX-17619/aligned/alignedmerged/SLX-17619.UDI0051.bam,T47D,SUMO3,m16,A
SLX-17619,UDI0052,GGTGAACC-GCGTTGGA,NRIP1_5c_A_T47D_7A,SLX-17619/aligned/alignedmerged/SLX-17619.UDI0052.bam,T47D,NRIP1,5c,A
SLX-17619,UDI0053,CAACAATG-CCGTGAAG,TRIM24_25c_A_T47D_23A,SLX-17619/aligned/alignedmerged/SLX-17619.UDI0053.bam,T47D,TRIM24,25c,A
SLX-17619,UDI0054,TGGTGGCA-TCCTGTAA,GRHL2_38fr3_D_T47D_36D,SLX-17619/aligned/alignedmerged/SLX-17619.UDI0054.bam,T47D,GRHL2,38fr3,D
SLX-17619,UDI0055,AGGCAGAG-AGAATGCC,RARA_7b_A_T47D_9A,SLX-17619/aligned/alignedmerged/SLX-17619.UDI0055.bam,T47D,RARA,7b,A
SLX-17619,UDI0056,GAATGAGA-AATGCCTC,CREBBP_34a_A_T47D_25A,SLX-17619/aligned/alignedmerged/SLX-17619.UDI0056.bam,T47D,CREBBP,34a,A
SLX-17619,UDI0057,TGCGGCGT-CCTCGGTA,NCOA3_1dr2_A_T47D_3A,SLX-17619/aligned/alignedmerged/SLX-17619.UDI0057.bam,T47D,NCOA3,1dr2,A
SLX-17619,UDI0058,CATAATAC-CGTTAGAA,FoxA1_FOXA1-1_D_T47D_1D,SLX-17619/aligned/alignedmerged/SLX-17619.UDI0058.bam,T47D,FoxA1,FOXA1-1,D
SLX-17619,UDI0059,GATCTATC-AGCCTCAT,RARA_8c_D_T47D_10D,SLX-17619/aligned/alignedmerged/SLX-17619.UDI0059.bam,T47D,RARA,8c,D
SLX-17619,UDI0060,AGCTCGCT-GATTCTGC,SUMO2_35m_A_T47D_33A,SLX-17619/aligned/alignedmerged/SLX-17619.UDI0060.bam,T47D,SUMO2,35m,A
SLX-17619,UDI0061,CGGAACTG-CACTACGA,CREBBP_28gr3_B_T47D_26B,SLX-17619/aligned/alignedmerged/SLX-17619.UDI0061.bam,T47D,CREBBP,28gr3,B
SLX-17619,UDI0062,TAAGGTCA-CTACGACA,TRIM24_36c_E_T47D_24E,SLX-17619/aligned/alignedmerged/SLX-17619.UDI0062.bam,T47D,TRIM24,36c,E
SLX-17619,UDI0063,TTGCCTAG-ACCACTTA,EP300_12br4_D_T47D_12D,SLX-17619/aligned/alignedmerged/SLX-17619.UDI0063.bam,T47D,EP300,12br4,D
SLX-17619,UDI0064,CCATTCGA-CGGACAAC,ZMIZ1_19ar3_A_T47D_17A,SLX-17619/aligned/alignedmerged/SLX-17619.UDI0064.bam,T47D,ZMIZ1,19ar3,A
SLX-17619,UDI0065,ACACTAAG-ATATGGAT,SUMO3_24ar3_E_T47D_22E,SLX-17619/aligned/alignedmerged/SLX-17619.UDI0065.bam,T47D,SUMO3,24ar3,E
SLX-17619,UDI0066,GTGTCGGA-GCGCAAGC,GRHL2_38fr3_C_T47D_36C,SLX-17619/aligned/alignedmerged/SLX-17619.UDI0066.bam,T47D,GRHL2,38fr3,C
SLX-17619,UDI0067,TTCCTGTT-AAGATACT,TRIM33_12m2_D_T47D_14D,SLX-17619/aligned/alignedmerged/SLX-17619.UDI0067.bam,T47D,TRIM33,12m2,D
SLX-17619,UDI0068,CCTTCACC-GACGCTCC,NR2F2_17ar3_C_T47D_15C,SLX-17619/aligned/alignedmerged/SLX-17619.UDI0068.bam,T47D,NR2F2,17ar3,C
SLX-17619,UDI0069,GCCACAGG-ATGGCATG,ESRRA_ESRRA-1_C_T47D_5C,SLX-17619/aligned/alignedmerged/SLX-17619.UDI0069.bam,T47D,ESRRA,ESRRA-1,C
SLX-17619,UDI0070,ATTGTGAA-GCAATGCA,DPF2_27a_D_T47D_32D,SLX-17619/aligned/alignedmerged/SLX-17619.UDI0070.bam,T47D,DPF2,27a,D
SLX-17619,UDI0071,ACTCGTGT-ATTGGAAC,SUMO1_21m1_C_T47D_19C,SLX-17619/aligned/alignedmerged/SLX-17619.UDI0071.bam,T47D,SUMO1,21m1,C
SLX-17619,UDI0072,GTCTACAC-ACCTTGGC,CTRL_Renilla_B_T47D_41B,SLX-17619/aligned/alignedmerged/SLX-17619.UDI0072.bam,T47D,CTRL,Renilla,B
SLX-17619,UDI0073,CAATTAAC-ATATCTCG,ZMIZ1_19ar3_C_T47D_17C,SLX-17619/aligned/alignedmerged/SLX-17619.UDI0073.bam,T47D,ZMIZ1,19ar3,C
SLX-17619,UDI0074,TGGCCGGT-GCGCTCTA,SUMO2_35m_C_T47D_33C,SLX-17619/aligned/alignedmerged/SLX-17619.UDI0074.bam,T47D,SUMO2,35m,C
SLX-17619,UDI0075,AGTACTCC-AACAGGTT,CREBBP_34a_E_T47D_25E,SLX-17619/aligned/alignedmerged/SLX-17619.UDI0075.bam,T47D,CREBBP,34a,E
SLX-17619,UDI0076,GACGTCTT-GGTGAACC,GRHL2_37b_B_T47D_35B,SLX-17619/aligned/alignedmerged/SLX-17619.UDI0076.bam,T47D,GRHL2,37b,B
SLX-17619,UDI0077,TGCGAGAC-CAACAATG,RARA_7b_E_T47D_9E,SLX-17619/aligned/alignedmerged/SLX-17619.UDI0077.bam,T47D,RARA,7b,E
SLX-17619,UDI0078,CATAGAGT-TGCCACCA,NRIP1_5c_C_T47D_7C,SLX-17619/aligned/alignedmerged/SLX-17619.UDI0078.bam,T47D,NRIP1,5c,C
SLX-18061,UDI0001,CCGCGGTT-AGCGCTAG,SUMO3_m16_B_MCF7_21B,SLX-18061/aligned/alignedmerged/SLX-18061.UDI0001.bam,MCF7,SUMO3,m16,B
SLX-18061,UDI0002,TTATAACC-GATATCGA,NCOA3_NCOA3-2_E_MCF7_4E,SLX-18061/aligned/alignedmerged/SLX-18061.UDI0002.bam,MCF7,NCOA3,NCOA3-2,E
SLX-18061,UDI0003,GGACTTGG-CGCAGACG,SUMO1_21m1_D_MCF7_19D,SLX-18061/aligned/alignedmerged/SLX-18061.UDI0003.bam,MCF7,SUMO1,21m1,D
SLX-18061,UDI0004,AAGTCCAA-TACTCATA,TFAP2C_31a_A_MCF7_29A,SLX-18061/aligned/alignedmerged/SLX-18061.UDI0004.bam,MCF7,TFAP2C,31a,A
SLX-18061,UDI0005,ATCCACTG-ACGCACCT,CREBBP_28gr3_A_MCF7_26A,SLX-18061/aligned/alignedmerged/SLX-18061.UDI0005.bam,MCF7,CREBBP,28gr3,A
SLX-18061,UDI0006,GCTTGTCA-GAACATAC,NRIP1_5c_D_MCF7_7D,SLX-18061/aligned/alignedmerged/SLX-18061.UDI0006.bam,MCF7,NRIP1,5c,D
SLX-18061,UDI0007,CAAGCTAG-ACATAGCG,CTRL_Renilla_D_MCF7_41D,SLX-18061/aligned/alignedmerged/SLX-18061.UDI0007.bam,MCF7,CTRL,Renilla,D
SLX-18061,UDI0008,TGGATCGA-GTGCGATA,GRHL2_37b_B_MCF7_35B,SLX-18061/aligned/alignedmerged/SLX-18061.UDI0008.bam,MCF7,GRHL2,37b,B
SLX-18061,UDI0009,AGTTCAGG-CCAACAGA,NCOA3_1dr2_D_MCF7_3D,SLX-18061/aligned/alignedmerged/SLX-18061.UDI0009.bam,MCF7,NCOA3,1dr2,D
SLX-18061,UDI0010,GACCTGAA-CTCACCAA,SUMO3_24ar3_C_MCF7_22C,SLX-18061/aligned/alignedmerged/SLX-18061.UDI0010.bam,MCF7,SUMO3,24ar3,C
SLX-18061,UDI0011,TCTCTACT-CGCGGTTC,NR2F2_17ar3_D_MCF7_15D,SLX-18061/aligned/alignedmerged/SLX-18061.UDI0011.bam,MCF7,NR2F2,17ar3,D
SLX-18061,UDI0012,CTCTCGTC-AGGTTATA,ZMIZ1_19ar3_E_MCF7_17E,SLX-18061/aligned/alignedmerged/SLX-18061.UDI0012.bam,MCF7,ZMIZ1,19ar3,E
SLX-18061,UDI0013,CCAAGTCT-AAGGATGA,GRHL2_38fr3_B_MCF7_36B,SLX-18061/aligned/alignedmerged/SLX-18061.UDI0013.bam,MCF7,GRHL2,38fr3,B
SLX-18061,UDI0014,TTGGACTC-CTGCTTCC,TRIM33_13cr3_D_MCF7_13D,SLX-18061/aligned/alignedmerged/SLX-18061.UDI0014.bam,MCF7,TRIM33,13cr3,D
SLX-18061,UDI0015,GGCTTAAG-GGTCACGA,SUMO2_35m_B_MCF7_33B,SLX-18061/aligned/alignedmerged/SLX-18061.UDI0015.bam,MCF7,SUMO2,35m,B
SLX-18061,UDI0016,AATCCGGA-AACTGTAG,RARA_7b_B_MCF7_9B,SLX-18061/aligned/alignedmerged/SLX-18061.UDI0016.bam,MCF7,RARA,7b,B
SLX-18061,UDI0017,TAATACAG-ATATTCAC,RARA_7b_A_MCF7_9A,SLX-18061/aligned/alignedmerged/SLX-18061.UDI0017.bam,MCF7,RARA,7b,A
SLX-18061,UDI0018,CGGCGTGA-ACAGGCGC,CTRL_Renilla_A_MCF7_39A,SLX-18061/aligned/alignedmerged/SLX-18061.UDI0018.bam,MCF7,CTRL,Renilla,A
SLX-18061,UDI0019,ATGTAAGT-ACTCTATG,NRIP1_6a_B_MCF7_8B,SLX-18061/aligned/alignedmerged/SLX-18061.UDI0019.bam,MCF7,NRIP1,6a,B
SLX-18061,UDI0020,GCACGGAC-GTCTCGCA,NCOA3_1dr2_C_MCF7_3C,SLX-18061/aligned/alignedmerged/SLX-18061.UDI0020.bam,MCF7,NCOA3,1dr2,C
SLX-18061,UDI0021,GGTACCTT-AAGACGTC,TFAP2C_32b_C_MCF7_30C,SLX-18061/aligned/alignedmerged/SLX-18061.UDI0021.bam,MCF7,TFAP2C,32b,C
SLX-18061,UDI0022,AACGTTCC-AGTACTCC,SUMO1_21m1_E_MCF7_19E,SLX-18061/aligned/alignedmerged/SLX-18061.UDI0022.bam,MCF7,SUMO1,21m1,E
SLX-18061,UDI0023,GCAGAATT-ACCGGCCA,NR2F2_17ar3_B_MCF7_15B,SLX-18061/aligned/alignedmerged/SLX-18061.UDI0023.bam,MCF7,NR2F2,17ar3,B
SLX-18061,UDI0024,ATGAGGCC-CAATTAAC,ZMIZ1_22m35b_C_MCF7_18C,SLX-18061/aligned/alignedmerged/SLX-18061.UDI0024.bam,MCF7,ZMIZ1,22m35b,C
SLX-18061,UDI0025,ACTAAGAT-AACCGCGG,CREBBP_34a_D_MCF7_25D,SLX-18061/aligned/alignedmerged/SLX-18061.UDI0025.bam,MCF7,CREBBP,34a,D
SLX-18061,UDI0026,GTCGGAGC-GGTTATAA,TRIM24_25c_D_MCF7_23D,SLX-18061/aligned/alignedmerged/SLX-18061.UDI0026.bam,MCF7,TRIM24,25c,D
SLX-18061,UDI0027,CTTGGTAT-CCAAGTCC,FoxA1_FOXA1-1_E_MCF7_1E,SLX-18061/aligned/alignedmerged/SLX-18061.UDI0027.bam,MCF7,FoxA1,FOXA1-1,E
SLX-18061,UDI0028,TCCAACGC-AAGTCCAA,RARA_8c_E_MCF7_10E,SLX-18061/aligned/alignedmerged/SLX-18061.UDI0028.bam,MCF7,RARA,8c,E
SLX-18061,UDI0029,CCGTGAAG-ATCCACTG,TRIM24_36c_A_MCF7_24A,SLX-18061/aligned/alignedmerged/SLX-18061.UDI0029.bam,MCF7,TRIM24,36c,A
SLX-18061,UDI0030,TTACAGGA-GCTTGTCA,SUMO3_m16_C_MCF7_21C,SLX-18061/aligned/alignedmerged/SLX-18061.UDI0030.bam,MCF7,SUMO3,m16,C
SLX-18061,UDI0031,GGCATTCT-CAAGCTAG,EP300_12br4_D_MCF7_12D,SLX-18061/aligned/alignedmerged/SLX-18061.UDI0031.bam,MCF7,EP300,12br4,D
SLX-18061,UDI0032,AATGCCTC-TCGATCCA,CTRL_Renilla_D_MCF7_39D,SLX-18061/aligned/alignedmerged/SLX-18061.UDI0032.bam,MCF7,CTRL,Renilla,D
SLX-18061,UDI0033,TACCGAGG-AGTTCAGG,ZMIZ1_22m35b_B_MCF7_18B,SLX-18061/aligned/alignedmerged/SLX-18061.UDI0033.bam,MCF7,ZMIZ1,22m35b,B
SLX-18061,UDI0034,CGTTAGAA-GACCTGAA,SUMO1_21m1_B_MCF7_19B,SLX-18061/aligned/alignedmerged/SLX-18061.UDI0034.bam,MCF7,SUMO1,21m1,B
SLX-18061,UDI0035,AGCCTCAT-AGTAGAGA,CTRL_Renilla_C_MCF7_39C,SLX-18061/aligned/alignedmerged/SLX-18061.UDI0035.bam,MCF7,CTRL,Renilla,C
SLX-18061,UDI0036,GATTCTGC-CTCTCGTC,DPF2_27a_A_MCF7_32A,SLX-18061/aligned/alignedmerged/SLX-18061.UDI0036.bam,MCF7,DPF2,27a,A
SLX-18061,UDI0037,TCGTAGTG-AGACTTGG,GRHL2_37b_E_MCF7_35E,SLX-18061/aligned/alignedmerged/SLX-18061.UDI0037.bam,MCF7,GRHL2,37b,E
SLX-18061,UDI0038,CTACGACA-GAGTCCAA,NCOA3_NCOA3-2_C_MCF7_4C,SLX-18061/aligned/alignedmerged/SLX-18061.UDI0038.bam,MCF7,NCOA3,NCOA3-2,C
SLX-18061,UDI0039,TAAGTGGT-CTTAAGCC,CREBBP_28gr3_E_MCF7_26E,SLX-18061/aligned/alignedmerged/SLX-18061.UDI0039.bam,MCF7,CREBBP,28gr3,E
SLX-18061,UDI0040,CGGACAAC-AATCCGGA,SUMO3_m16_E_MCF7_21E,SLX-18061/aligned/alignedmerged/SLX-18061.UDI0040.bam,MCF7,SUMO3,m16,E
SLX-18061,UDI0041,ATATGGAT-CTGTATTA,SUMO1_m35_C_MCF7_20C,SLX-18061/aligned/alignedmerged/SLX-18061.UDI0041.bam,MCF7,SUMO1,m35,C
SLX-18061,UDI0042,GCGCAAGC-CGGCGTGA,EP300_11ar3_E_MCF7_11E,SLX-18061/aligned/alignedmerged/SLX-18061.UDI0042.bam,MCF7,EP300,11ar3,E
SLX-18061,UDI0043,AAGATACT-ACTTACAT,SUMO2_36g_A_MCF7_34A,SLX-18061/aligned/alignedmerged/SLX-18061.UDI0043.bam,MCF7,SUMO2,36g,A
SLX-18061,UDI0044,GGAGCGTC-GCACGGAC,ESRRA_ESRRA-1_E_MCF7_5E,SLX-18061/aligned/alignedmerged/SLX-18061.UDI0044.bam,MCF7,ESRRA,ESRRA-1,E
SLX-18061,UDI0045,ATGGCATG-AAGGTACC,TRIM33_12m2_C_MCF7_14C,SLX-18061/aligned/alignedmerged/SLX-18061.UDI0045.bam,MCF7,TRIM33,12m2,C
SLX-18061,UDI0046,GCAATGCA-AACGTTCC,NR2F2_18ar3_B_MCF7_16B,SLX-18061/aligned/alignedmerged/SLX-18061.UDI0046.bam,MCF7,NR2F2,18ar3,B
SLX-18061,UDI0047,GTTCCAAT-AATTCTGC,GATA3_30a_E_MCF7_28E,SLX-18061/aligned/alignedmerged/SLX-18061.UDI0047.bam,MCF7,GATA3,30a,E
SLX-18061,UDI0048,ACCTTGGC-ATGAGGCC,FoxA1_FOXA1-2_B_MCF7_2B,SLX-18061/aligned/alignedmerged/SLX-18061.UDI0048.bam,MCF7,FoxA1,FOXA1-2,B
SLX-18061,UDI0049,ATATCTCG-ACTAAGAT,TRIM28_40a_A_MCF7_37A,SLX-18061/aligned/alignedmerged/SLX-18061.UDI0049.bam,MCF7,TRIM28,40a,A
SLX-18061,UDI0050,GCGCTCTA-GCTCCGAC,NR2F2_18ar3_E_MCF7_16E,SLX-18061/aligned/alignedmerged/SLX-18061.UDI0050.bam,MCF7,NR2F2,18ar3,E
SLX-18061,UDI0051,AACAGGTT-ATACCAAG,TFAP2C_32b_A_MCF7_30A,SLX-18061/aligned/alignedmerged/SLX-18061.UDI0051.bam,MCF7,TFAP2C,32b,A
SLX-18061,UDI0052,GGTGAACC-GCGTTGGA,SUMO1_m35_B_MCF7_20B,SLX-18061/aligned/alignedmerged/SLX-18061.UDI0052.bam,MCF7,SUMO1,m35,B
SLX-18061,UDI0053,CAACAATG-CCGTGAAG,SUMO2_35m_A_MCF7_33A,SLX-18061/aligned/alignedmerged/SLX-18061.UDI0053.bam,MCF7,SUMO2,35m,A
SLX-18061,UDI0054,TGGTGGCA-TCCTGTAA,ESRRA_ESRRA-1_B_MCF7_5B,SLX-18061/aligned/alignedmerged/SLX-18061.UDI0054.bam,MCF7,ESRRA,ESRRA-1,B
SLX-18061,UDI0055,AGGCAGAG-AGAATGCC,DPF2_33a_D_MCF7_31D,SLX-18061/aligned/alignedmerged/SLX-18061.UDI0055.bam,MCF7,DPF2,33a,D
SLX-18061,UDI0056,GAATGAGA-AATGCCTC,TRIM33_12m2_D_MCF7_14D,SLX-18061/aligned/alignedmerged/SLX-18061.UDI0056.bam,MCF7,TRIM33,12m2,D
SLX-18061,UDI0057,TGCGGCGT-CCTCGGTA,RARA_8c_A_MCF7_10A,SLX-18061/aligned/alignedmerged/SLX-18061.UDI0057.bam,MCF7,RARA,8c,A
SLX-18061,UDI0058,CATAATAC-CGTTAGAA,NRIP1_5c_B_MCF7_7B,SLX-18061/aligned/alignedmerged/SLX-18061.UDI0058.bam,MCF7,NRIP1,5c,B
SLX-18061,UDI0059,GATCTATC-AGCCTCAT,EP300_12br4_A_MCF7_12A,SLX-18061/aligned/alignedmerged/SLX-18061.UDI0059.bam,MCF7,EP300,12br4,A
SLX-18061,UDI0060,AGCTCGCT-GATTCTGC,SUMO3_m16_D_MCF7_21D,SLX-18061/aligned/alignedmerged/SLX-18061.UDI0060.bam,MCF7,SUMO3,m16,D
SLX-18061,UDI0061,CGGAACTG-CACTACGA,CTRL_Renilla_A_MCF7_40A,SLX-18061/aligned/alignedmerged/SLX-18061.UDI0061.bam,MCF7,CTRL,Renilla,A
SLX-18061,UDI0062,TAAGGTCA-CTACGACA,TFAP2C_31a_E_MCF7_29E,SLX-18061/aligned/alignedmerged/SLX-18061.UDI0062.bam,MCF7,TFAP2C,31a,E
SLX-18061,UDI0063,TTGCCTAG-ACCACTTA,TRIM24_36c_B_MCF7_24B,SLX-18061/aligned/alignedmerged/SLX-18061.UDI0063.bam,MCF7,TRIM24,36c,B
SLX-18061,UDI0064,CCATTCGA-CGGACAAC,GATA3_29k_D_MCF7_27D,SLX-18061/aligned/alignedmerged/SLX-18061.UDI0064.bam,MCF7,GATA3,29k,D
SLX-18061,UDI0065,ACACTAAG-ATATGGAT,CTRL_Renilla_E_MCF7_39E,SLX-18061/aligned/alignedmerged/SLX-18061.UDI0065.bam,MCF7,CTRL,Renilla,E
SLX-18061,UDI0066,GTGTCGGA-GCGCAAGC,SUMO2_36g_E_MCF7_34E,SLX-18061/aligned/alignedmerged/SLX-18061.UDI0066.bam,MCF7,SUMO2,36g,E
SLX-18061,UDI0067,TTCCTGTT-AAGATACT,TRIM24_25c_A_MCF7_23A,SLX-18061/aligned/alignedmerged/SLX-18061.UDI0067.bam,MCF7,TRIM24,25c,A
SLX-18061,UDI0068,CCTTCACC-GACGCTCC,CREBBP_34a_C_MCF7_25C,SLX-18061/aligned/alignedmerged/SLX-18061.UDI0068.bam,MCF7,CREBBP,34a,C
SLX-18061,UDI0069,GCCACAGG-ATGGCATG,FoxA1_FOXA1-2_D_MCF7_2D,SLX-18061/aligned/alignedmerged/SLX-18061.UDI0069.bam,MCF7,FoxA1,FOXA1-2,D
SLX-18061,UDI0070,ATTGTGAA-GCAATGCA,RARA_8c_B_MCF7_10B,SLX-18061/aligned/alignedmerged/SLX-18061.UDI0070.bam,MCF7,RARA,8c,B
SLX-18061,UDI0071,ACTCGTGT-ATTGGAAC,FoxA1_FOXA1-1_C_MCF7_1C,SLX-18061/aligned/alignedmerged/SLX-18061.UDI0071.bam,MCF7,FoxA1,FOXA1-1,C
SLX-18061,UDI0072,GTCTACAC-ACCTTGGC,SUMO1_m35_A_MCF7_20A,SLX-18061/aligned/alignedmerged/SLX-18061.UDI0072.bam,MCF7,SUMO1,m35,A
SLX-18061,UDI0073,CAATTAAC-ATATCTCG,ZMIZ1_19ar3_D_MCF7_17D,SLX-18061/aligned/alignedmerged/SLX-18061.UDI0073.bam,MCF7,ZMIZ1,19ar3,D
SLX-18061,UDI0074,TGGCCGGT-GCGCTCTA,TRIM28_39b_C_MCF7_38C,SLX-18061/aligned/alignedmerged/SLX-18061.UDI0074.bam,MCF7,TRIM28,39b,C
SLX-18061,UDI0075,AGTACTCC-AACAGGTT,NR2F2_18ar3_A_MCF7_16A,SLX-18061/aligned/alignedmerged/SLX-18061.UDI0075.bam,MCF7,NR2F2,18ar3,A
SLX-18061,UDI0076,GACGTCTT-GGTGAACC,TRIM33_13cr3_B_MCF7_13B,SLX-18061/aligned/alignedmerged/SLX-18061.UDI0076.bam,MCF7,TRIM33,13cr3,B
SLX-18061,UDI0077,TGCGAGAC-CAACAATG,ESRRA_4br3_C_MCF7_6C,SLX-18061/aligned/alignedmerged/SLX-18061.UDI0077.bam,MCF7,ESRRA,4br3,C
SLX-18061,UDI0078,CATAGAGT-TGCCACCA,SUMO3_24ar3_E_MCF7_22E,SLX-18061/aligned/alignedmerged/SLX-18061.UDI0078.bam,MCF7,SUMO3,24ar3,E
SLX-18061,UDI0079,ACAGGCGC-AGGCAGAG,GRHL2_38fr3_C_MCF7_36C,SLX-18061/aligned/alignedmerged/SLX-18061.UDI0079.bam,MCF7,GRHL2,38fr3,C
SLX-18062,UDI0001,CCGCGGTT-CTAGCGCT,TFAP2C_32b_D_MCF7_30D,SLX-18062/aligned/alignedmerged/SLX-18062.UDI0001.bam,MCF7,TFAP2C,32b,D
SLX-18062,UDI0002,TTATAACC-TCGATATC,FoxA1_FOXA1-2_E_MCF7_2E,SLX-18062/aligned/alignedmerged/SLX-18062.UDI0002.bam,MCF7,FoxA1,FOXA1-2,E
SLX-18062,UDI0003,GGACTTGG-CGTCTGCG,RARA_8c_E_MCF7_10E,SLX-18062/aligned/alignedmerged/SLX-18062.UDI0003.bam,MCF7,RARA,8c,E
SLX-18062,UDI0004,AAGTCCAA-TACTCATA,NRIP1_6a_E_MCF7_8E,SLX-18062/aligned/alignedmerged/SLX-18062.UDI0004.bam,MCF7,NRIP1,6a,E
SLX-18062,UDI0005,ATCCACTG-ACGCACCT,TRIM33_12m2_A_MCF7_14A,SLX-18062/aligned/alignedmerged/SLX-18062.UDI0005.bam,MCF7,TRIM33,12m2,A
SLX-18062,UDI0006,GCTTGTCA-GTATGTTC,CTRL_Renilla_C_MCF7_40C,SLX-18062/aligned/alignedmerged/SLX-18062.UDI0006.bam,MCF7,CTRL,Renilla,C
SLX-18062,UDI0007,CAAGCTAG-CGCTATGT,NRIP1_5c_D_MCF7_7D,SLX-18062/aligned/alignedmerged/SLX-18062.UDI0007.bam,MCF7,NRIP1,5c,D
SLX-18062,UDI0008,TGGATCGA-TATCGCAC,NR2F2_18ar3_B_MCF7_16B,SLX-18062/aligned/alignedmerged/SLX-18062.UDI0008.bam,MCF7,NR2F2,18ar3,B
SLX-18062,UDI0009,AGTTCAGG-TCTGTTGG,GRHL2_37b_C_MCF7_35C,SLX-18062/aligned/alignedmerged/SLX-18062.UDI0009.bam,MCF7,GRHL2,37b,C
SLX-18062,UDI0010,GACCTGAA-CTCACCAA,SUMO1_21m1_A_MCF7_19A,SLX-18062/aligned/alignedmerged/SLX-18062.UDI0010.bam,MCF7,SUMO1,21m1,A
SLX-18062,UDI0011,TCTCTACT-GAACCGCG,NRIP1_5c_A_MCF7_7A,SLX-18062/aligned/alignedmerged/SLX-18062.UDI0011.bam,MCF7,NRIP1,5c,A
SLX-18062,UDI0012,CTCTCGTC-AGGTTATA,NCOA3_NCOA3-2_C_MCF7_4C,SLX-18062/aligned/alignedmerged/SLX-18062.UDI0012.bam,MCF7,NCOA3,NCOA3-2,C
SLX-18062,UDI0013,CCAAGTCT-TCATCCTT,ESRRA_4br3_A_MCF7_6A,SLX-18062/aligned/alignedmerged/SLX-18062.UDI0013.bam,MCF7,ESRRA,4br3,A
SLX-18062,UDI0014,TTGGACTC-CTGCTTCC,TRIM28_39b_B_MCF7_38B,SLX-18062/aligned/alignedmerged/SLX-18062.UDI0014.bam,MCF7,TRIM28,39b,B
SLX-18062,UDI0015,GGCTTAAG-GGTCACGA,CREBBP_28gr3_D_MCF7_26D,SLX-18062/aligned/alignedmerged/SLX-18062.UDI0015.bam,MCF7,CREBBP,28gr3,D
SLX-18062,UDI0016,AATCCGGA-AACTGTAG,CTRL_Renilla_D_MCF7_39D,SLX-18062/aligned/alignedmerged/SLX-18062.UDI0016.bam,MCF7,CTRL,Renilla,D
SLX-18062,UDI0017,TAATACAG-GTGAATAT,CTRL_Renilla_E_MCF7_40E,SLX-18062/aligned/alignedmerged/SLX-18062.UDI0017.bam,MCF7,CTRL,Renilla,E
SLX-18062,UDI0018,CGGCGTGA-ACAGGCGC,TRIM24_25c_E_MCF7_23E,SLX-18062/aligned/alignedmerged/SLX-18062.UDI0018.bam,MCF7,TRIM24,25c,E
SLX-18062,UDI0019,ATGTAAGT-CATAGAGT,EP300_11ar3_A_MCF7_11A,SLX-18062/aligned/alignedmerged/SLX-18062.UDI0019.bam,MCF7,EP300,11ar3,A
SLX-18062,UDI0020,GCACGGAC-TGCGAGAC,SUMO1_m35_B_MCF7_20B,SLX-18062/aligned/alignedmerged/SLX-18062.UDI0020.bam,MCF7,SUMO1,m35,B
SLX-18062,UDI0021,GGTACCTT-GACGTCTT,RARA_7b_C_MCF7_9C,SLX-18062/aligned/alignedmerged/SLX-18062.UDI0021.bam,MCF7,RARA,7b,C
SLX-18062,UDI0022,AACGTTCC-AGTACTCC,NR2F2_17ar3_B_MCF7_15B,SLX-18062/aligned/alignedmerged/SLX-18062.UDI0022.bam,MCF7,NR2F2,17ar3,B
SLX-18062,UDI0023,GCAGAATT-TGGCCGGT,GATA3_29k_C_MCF7_27C,SLX-18062/aligned/alignedmerged/SLX-18062.UDI0023.bam,MCF7,GATA3,29k,C
SLX-18062,UDI0024,ATGAGGCC-CAATTAAC,TRIM24_36c_C_MCF7_24C,SLX-18062/aligned/alignedmerged/SLX-18062.UDI0024.bam,MCF7,TRIM24,36c,C
SLX-18062,UDI0025,ACTAAGAT-CCGCGGTT,TFAP2C_31a_D_MCF7_29D,SLX-18062/aligned/alignedmerged/SLX-18062.UDI0025.bam,MCF7,TFAP2C,31a,D
SLX-18062,UDI0026,GTCGGAGC-TTATAACC,GATA3_30a_D_MCF7_28D,SLX-18062/aligned/alignedmerged/SLX-18062.UDI0026.bam,MCF7,GATA3,30a,D
SLX-18062,UDI0027,CTTGGTAT-GGACTTGG,ESRRA_ESRRA-1_C_MCF7_5C,SLX-18062/aligned/alignedmerged/SLX-18062.UDI0027.bam,MCF7,ESRRA,ESRRA-1,C
SLX-18062,UDI0028,TCCAACGC-AAGTCCAA,DPF2_33a_C_MCF7_31C,SLX-18062/aligned/alignedmerged/SLX-18062.UDI0028.bam,MCF7,DPF2,33a,C
SLX-18062,UDI0029,CCGTGAAG-ATCCACTG,SUMO2_35m_E_MCF7_33E,SLX-18062/aligned/alignedmerged/SLX-18062.UDI0029.bam,MCF7,SUMO2,35m,E
SLX-18062,UDI0030,TTACAGGA-GCTTGTCA,ZMIZ1_22m35b_A_MCF7_18A,SLX-18062/aligned/alignedmerged/SLX-18062.UDI0030.bam,MCF7,ZMIZ1,22m35b,A
SLX-18062,UDI0031,GGCATTCT-CAAGCTAG,TRIM28_40a_B_MCF7_37B,SLX-18062/aligned/alignedmerged/SLX-18062.UDI0031.bam,MCF7,TRIM28,40a,B
SLX-18062,UDI0032,AATGCCTC-TGGATCGA,EP300_12br4_B_MCF7_12B,SLX-18062/aligned/alignedmerged/SLX-18062.UDI0032.bam,MCF7,EP300,12br4,B
SLX-18062,UDI0033,TACCGAGG-AGTTCAGG,CREBBP_34a_E_MCF7_25E,SLX-18062/aligned/alignedmerged/SLX-18062.UDI0033.bam,MCF7,CREBBP,34a,E
SLX-18062,UDI0034,CGTTAGAA-GACCTGAA,ZMIZ1_19ar3_C_MCF7_17C,SLX-18062/aligned/alignedmerged/SLX-18062.UDI0034.bam,MCF7,ZMIZ1,19ar3,C
SLX-18062,UDI0035,AGCCTCAT-TCTCTACT,NR2F2_17ar3_E_MCF7_15E,SLX-18062/aligned/alignedmerged/SLX-18062.UDI0035.bam,MCF7,NR2F2,17ar3,E
SLX-18062,UDI0036,GATTCTGC-CTCTCGTC,FoxA1_FOXA1-2_C_MCF7_2C,SLX-18062/aligned/alignedmerged/SLX-18062.UDI0036.bam,MCF7,FoxA1,FOXA1-2,C
SLX-18062,UDI0037,TCGTAGTG-CCAAGTCT,SUMO3_24ar3_A_MCF7_22A,SLX-18062/aligned/alignedmerged/SLX-18062.UDI0037.bam,MCF7,SUMO3,24ar3,A
SLX-18062,UDI0038,CTACGACA-TTGGACTC,DPF2_27a_C_MCF7_32C,SLX-18062/aligned/alignedmerged/SLX-18062.UDI0038.bam,MCF7,DPF2,27a,C
SLX-18062,UDI0039,TAAGTGGT-GGCTTAAG,SUMO2_36g_D_MCF7_34D,SLX-18062/aligned/alignedmerged/SLX-18062.UDI0039.bam,MCF7,SUMO2,36g,D
SLX-18062,UDI0040,CGGACAAC-AATCCGGA,SUMO1_m35_C_MCF7_20C,SLX-18062/aligned/alignedmerged/SLX-18062.UDI0040.bam,MCF7,SUMO1,m35,C
SLX-18062,UDI0041,ATATGGAT-TAATACAG,NRIP1_5c_B_MCF7_7B,SLX-18062/aligned/alignedmerged/SLX-18062.UDI0041.bam,MCF7,NRIP1,5c,B
SLX-18062,UDI0042,GCGCAAGC-CGGCGTGA,TFAP2C_32b_E_MCF7_30E,SLX-18062/aligned/alignedmerged/SLX-18062.UDI0042.bam,MCF7,TFAP2C,32b,E
SLX-18062,UDI0043,AAGATACT-ATGTAAGT,CTRL_Renilla_C_MCF7_39C,SLX-18062/aligned/alignedmerged/SLX-18062.UDI0043.bam,MCF7,CTRL,Renilla,C
SLX-18062,UDI0044,GGAGCGTC-GCACGGAC,TRIM33_13cr3_B_MCF7_13B,SLX-18062/aligned/alignedmerged/SLX-18062.UDI0044.bam,MCF7,TRIM33,13cr3,B
SLX-18062,UDI0045,ATGGCATG-GGTACCTT,GRHL2_38fr3_A_MCF7_36A,SLX-18062/aligned/alignedmerged/SLX-18062.UDI0045.bam,MCF7,GRHL2,38fr3,A
SLX-18062,UDI0046,GCAATGCA-AACGTTCC,NR2F2_18ar3_A_MCF7_16A,SLX-18062/aligned/alignedmerged/SLX-18062.UDI0046.bam,MCF7,NR2F2,18ar3,A
SLX-18062,UDI0047,GTTCCAAT-GCAGAATT,RARA_8c_D_MCF7_10D,SLX-18062/aligned/alignedmerged/SLX-18062.UDI0047.bam,MCF7,RARA,8c,D
SLX-18062,UDI0048,ACCTTGGC-ATGAGGCC,NRIP1_6a_A_MCF7_8A,SLX-18062/aligned/alignedmerged/SLX-18062.UDI0048.bam,MCF7,NRIP1,6a,A
SLX-18062,UDI0049,ATATCTCG-ACTAAGAT,GATA3_30a_C_MCF7_28C,SLX-18062/aligned/alignedmerged/SLX-18062.UDI0049.bam,MCF7,GATA3,30a,C
SLX-18062,UDI0050,GCGCTCTA-GTCGGAGC,NCOA3_1dr2_E_MCF7_3E,SLX-18062/aligned/alignedmerged/SLX-18062.UDI0050.bam,MCF7,NCOA3,1dr2,E
SLX-18062,UDI0051,AACAGGTT-CTTGGTAT,TRIM28_40a_C_MCF7_37C,SLX-18062/aligned/alignedmerged/SLX-18062.UDI0051.bam,MCF7,TRIM28,40a,C
SLX-18062,UDI0052,GGTGAACC-TCCAACGC,EP300_12br4_C_MCF7_12C,SLX-18062/aligned/alignedmerged/SLX-18062.UDI0052.bam,MCF7,EP300,12br4,C
SLX-18062,UDI0053,CAACAATG-CCGTGAAG,DPF2_33a_A_MCF7_31A,SLX-18062/aligned/alignedmerged/SLX-18062.UDI0053.bam,MCF7,DPF2,33a,A
SLX-18062,UDI0054,TGGTGGCA-TTACAGGA,ESRRA_ESRRA-1_E_MCF7_5E,SLX-18062/aligned/alignedmerged/SLX-18062.UDI0054.bam,MCF7,ESRRA,ESRRA-1,E
SLX-18062,UDI0055,AGGCAGAG-GGCATTCT,TFAP2C_31a_C_MCF7_29C,SLX-18062/aligned/alignedmerged/SLX-18062.UDI0055.bam,MCF7,TFAP2C,31a,C
SLX-18062,UDI0056,GAATGAGA-AATGCCTC,SUMO3_m16_E_MCF7_21E,SLX-18062/aligned/alignedmerged/SLX-18062.UDI0056.bam,MCF7,SUMO3,m16,E
SLX-18062,UDI0065,ACACTAAG-ATATGGAT,SUMO1_21m1_E_MCF7_19E,SLX-18062/aligned/alignedmerged/SLX-18062.UDI0065.bam,MCF7,SUMO1,21m1,E
SLX-18062,UDI0066,GTGTCGGA-GCGCAAGC,ESRRA_4br3_D_MCF7_6D,SLX-18062/aligned/alignedmerged/SLX-18062.UDI0066.bam,MCF7,ESRRA,4br3,D
SLX-18062,UDI0067,TTCCTGTT-AAGATACT,ZMIZ1_22m35b_D_MCF7_18D,SLX-18062/aligned/alignedmerged/SLX-18062.UDI0067.bam,MCF7,ZMIZ1,22m35b,D
SLX-18062,UDI0068,CCTTCACC-GGAGCGTC,CTRL_Renilla_D_MCF7_40D,SLX-18062/aligned/alignedmerged/SLX-18062.UDI0068.bam,MCF7,CTRL,Renilla,D
SLX-18062,UDI0069,GCCACAGG-ATGGCATG,NCOA3_NCOA3-2_B_MCF7_4B,SLX-18062/aligned/alignedmerged/SLX-18062.UDI0069.bam,MCF7,NCOA3,NCOA3-2,B
SLX-18062,UDI0070,ATTGTGAA-GCAATGCA,EP300_12br4_A_MCF7_12A,SLX-18062/aligned/alignedmerged/SLX-18062.UDI0070.bam,MCF7,EP300,12br4,A
SLX-18062,UDI0071,ACTCGTGT-GTTCCAAT,ESRRA_ESRRA-1_A_MCF7_5A,SLX-18062/aligned/alignedmerged/SLX-18062.UDI0071.bam,MCF7,ESRRA,ESRRA-1,A
SLX-18062,UDI0072,GTCTACAC-ACCTTGGC,TRIM28_39b_A_MCF7_38A,SLX-18062/aligned/alignedmerged/SLX-18062.UDI0072.bam,MCF7,TRIM28,39b,A
SLX-18062,UDI0073,CAATTAAC-ATATCTCG,SUMO2_36g_C_MCF7_34C,SLX-18062/aligned/alignedmerged/SLX-18062.UDI0073.bam,MCF7,SUMO2,36g,C
SLX-18062,UDI0074,TGGCCGGT-GCGCTCTA,CREBBP_34a_B_MCF7_25B,SLX-18062/aligned/alignedmerged/SLX-18062.UDI0074.bam,MCF7,CREBBP,34a,B
SLX-18062,UDI0075,AGTACTCC-AACAGGTT,DPF2_27a_B_MCF7_32B,SLX-18062/aligned/alignedmerged/SLX-18062.UDI0075.bam,MCF7,DPF2,27a,B
SLX-18062,UDI0076,GACGTCTT-GGTGAACC,SUMO3_m16_B_MCF7_21B,SLX-18062/aligned/alignedmerged/SLX-18062.UDI0076.bam,MCF7,SUMO3,m16,B
SLX-18062,UDI0077,TGCGAGAC-CAACAATG,SUMO1_m35_D_MCF7_20D,SLX-18062/aligned/alignedmerged/SLX-18062.UDI0077.bam,MCF7,SUMO1,m35,D
SLX-18062,UDI0078,CATAGAGT-TGGTGGCA,ZMIZ1_19ar3_A_MCF7_17A,SLX-18062/aligned/alignedmerged/SLX-18062.UDI0078.bam,MCF7,ZMIZ1,19ar3,A
SLX-18062,UDI0079,ACAGGCGC-AGGCAGAG,NR2F2_17ar3_C_MCF7_15C,SLX-18062/aligned/alignedmerged/SLX-18062.UDI0079.bam,MCF7,NR2F2,17ar3,C
SLX-18070,UDI0001,CCGCGGTT-CTAGCGCT,GRHL2_37b_D_MCF7_35D,SLX-18070/aligned/alignedmerged/SLX-18070.UDI0001.bam,MCF7,GRHL2,37b,D
SLX-18070,UDI0002,TTATAACC-TCGATATC,NRIP1_5c_E_MCF7_7E,SLX-18070/aligned/alignedmerged/SLX-18070.UDI0002.bam,MCF7,NRIP1,5c,E
SLX-18070,UDI0003,GGACTTGG-CGTCTGCG,DPF2_27a_E_MCF7_32E,SLX-18070/aligned/alignedmerged/SLX-18070.UDI0003.bam,MCF7,DPF2,27a,E
SLX-18070,UDI0004,AAGTCCAA-TACTCATA,TRIM24_25c_C_MCF7_23C,SLX-18070/aligned/alignedmerged/SLX-18070.UDI0004.bam,MCF7,TRIM24,25c,C
SLX-18070,UDI0005,ATCCACTG-ACGCACCT,ESRRA_4br3_B_MCF7_6B,SLX-18070/aligned/alignedmerged/SLX-18070.UDI0005.bam,MCF7,ESRRA,4br3,B
SLX-18070,UDI0006,GCTTGTCA-GTATGTTC,GRHL2_38fr3_B_MCF7_36B,SLX-18070/aligned/alignedmerged/SLX-18070.UDI0006.bam,MCF7,GRHL2,38fr3,B
SLX-18070,UDI0007,CAAGCTAG-CGCTATGT,FoxA1_FOXA1-1_A_MCF7_1A,SLX-18070/aligned/alignedmerged/SLX-18070.UDI0007.bam,MCF7,FoxA1,FOXA1-1,A
SLX-18070,UDI0008,TGGATCGA-TATCGCAC,RARA_7b_D_MCF7_9D,SLX-18070/aligned/alignedmerged/SLX-18070.UDI0008.bam,MCF7,RARA,7b,D
SLX-18070,UDI0009,AGTTCAGG-TCTGTTGG,TRIM28_40a_E_MCF7_37E,SLX-18070/aligned/alignedmerged/SLX-18070.UDI0009.bam,MCF7,TRIM28,40a,E
SLX-18070,UDI0010,GACCTGAA-CTCACCAA,NR2F2_18ar3_A_MCF7_16A,SLX-18070/aligned/alignedmerged/SLX-18070.UDI0010.bam,MCF7,NR2F2,18ar3,A
SLX-18070,UDI0011,TCTCTACT-GAACCGCG,GATA3_29k_A_MCF7_27A,SLX-18070/aligned/alignedmerged/SLX-18070.UDI0011.bam,MCF7,GATA3,29k,A
SLX-18070,UDI0012,CTCTCGTC-AGGTTATA,ZMIZ1_19ar3_B_MCF7_17B,SLX-18070/aligned/alignedmerged/SLX-18070.UDI0012.bam,MCF7,ZMIZ1,19ar3,B
SLX-18070,UDI0013,CCAAGTCT-TCATCCTT,TRIM28_39b_D_MCF7_38D,SLX-18070/aligned/alignedmerged/SLX-18070.UDI0013.bam,MCF7,TRIM28,39b,D
SLX-18070,UDI0014,TTGGACTC-CTGCTTCC,DPF2_33a_B_MCF7_31B,SLX-18070/aligned/alignedmerged/SLX-18070.UDI0014.bam,MCF7,DPF2,33a,B
SLX-18070,UDI0015,GGCTTAAG-GGTCACGA,TRIM33_13cr3_A_MCF7_13A,SLX-18070/aligned/alignedmerged/SLX-18070.UDI0015.bam,MCF7,TRIM33,13cr3,A
SLX-18070,UDI0016,AATCCGGA-AACTGTAG,CTRL_Renilla_C_MCF7_39C,SLX-18070/aligned/alignedmerged/SLX-18070.UDI0016.bam,MCF7,CTRL,Renilla,C
SLX-18070,UDI0017,TAATACAG-GTGAATAT,SUMO1_m35_B_MCF7_20B,SLX-18070/aligned/alignedmerged/SLX-18070.UDI0017.bam,MCF7,SUMO1,m35,B
SLX-18070,UDI0018,CGGCGTGA-ACAGGCGC,EP300_12br4_A_MCF7_12A,SLX-18070/aligned/alignedmerged/SLX-18070.UDI0018.bam,MCF7,EP300,12br4,A
SLX-18070,UDI0019,ATGTAAGT-CATAGAGT,CTRL_Renilla_B_MCF7_41B,SLX-18070/aligned/alignedmerged/SLX-18070.UDI0019.bam,MCF7,CTRL,Renilla,B
SLX-18070,UDI0020,GCACGGAC-TGCGAGAC,SUMO2_36g_B_MCF7_34B,SLX-18070/aligned/alignedmerged/SLX-18070.UDI0020.bam,MCF7,SUMO2,36g,B
SLX-18070,UDI0021,GGTACCTT-GACGTCTT,NRIP1_5c_C_MCF7_7C,SLX-18070/aligned/alignedmerged/SLX-18070.UDI0021.bam,MCF7,NRIP1,5c,C
SLX-18070,UDI0022,AACGTTCC-AGTACTCC,NCOA3_1dr2_A_MCF7_3A,SLX-18070/aligned/alignedmerged/SLX-18070.UDI0022.bam,MCF7,NCOA3,1dr2,A
SLX-18070,UDI0023,GCAGAATT-TGGCCGGT,RARA_8c_E_MCF7_10E,SLX-18070/aligned/alignedmerged/SLX-18070.UDI0023.bam,MCF7,RARA,8c,E
SLX-18070,UDI0024,ATGAGGCC-CAATTAAC,GATA3_30a_A_MCF7_28A,SLX-18070/aligned/alignedmerged/SLX-18070.UDI0024.bam,MCF7,GATA3,30a,A
SLX-18070,UDI0025,ACTAAGAT-CCGCGGTT,DPF2_33a_E_MCF7_31E,SLX-18070/aligned/alignedmerged/SLX-18070.UDI0025.bam,MCF7,DPF2,33a,E
SLX-18070,UDI0026,GTCGGAGC-TTATAACC,NCOA3_NCOA3-2_D_MCF7_4D,SLX-18070/aligned/alignedmerged/SLX-18070.UDI0026.bam,MCF7,NCOA3,NCOA3-2,D
SLX-18070,UDI0027,CTTGGTAT-GGACTTGG,NR2F2_18ar3_B_MCF7_16B,SLX-18070/aligned/alignedmerged/SLX-18070.UDI0027.bam,MCF7,NR2F2,18ar3,B
SLX-18070,UDI0028,TCCAACGC-AAGTCCAA,TRIM28_39b_E_MCF7_38E,SLX-18070/aligned/alignedmerged/SLX-18070.UDI0028.bam,MCF7,TRIM28,39b,E
SLX-18070,UDI0029,CCGTGAAG-ATCCACTG,SUMO1_21m1_C_MCF7_19C,SLX-18070/aligned/alignedmerged/SLX-18070.UDI0029.bam,MCF7,SUMO1,21m1,C
SLX-18070,UDI0030,TTACAGGA-GCTTGTCA,TRIM33_13cr3_E_MCF7_13E,SLX-18070/aligned/alignedmerged/SLX-18070.UDI0030.bam,MCF7,TRIM33,13cr3,E
SLX-18070,UDI0031,GGCATTCT-CAAGCTAG,GATA3_29k_E_MCF7_27E,SLX-18070/aligned/alignedmerged/SLX-18070.UDI0031.bam,MCF7,GATA3,29k,E
SLX-18070,UDI0032,AATGCCTC-TGGATCGA,EP300_11ar3_D_MCF7_11D,SLX-18070/aligned/alignedmerged/SLX-18070.UDI0032.bam,MCF7,EP300,11ar3,D
SLX-18070,UDI0033,TACCGAGG-AGTTCAGG,CREBBP_28gr3_B_MCF7_26B,SLX-18070/aligned/alignedmerged/SLX-18070.UDI0033.bam,MCF7,CREBBP,28gr3,B
SLX-18070,UDI0034,CGTTAGAA-GACCTGAA,TRIM24_36c_D_MCF7_24D,SLX-18070/aligned/alignedmerged/SLX-18070.UDI0034.bam,MCF7,TRIM24,36c,D
SLX-18070,UDI0035,AGCCTCAT-TCTCTACT,SUMO3_m16_B_MCF7_21B,SLX-18070/aligned/alignedmerged/SLX-18070.UDI0035.bam,MCF7,SUMO3,m16,B
SLX-18070,UDI0036,GATTCTGC-CTCTCGTC,CTRL_Renilla_B_MCF7_39B,SLX-18070/aligned/alignedmerged/SLX-18070.UDI0036.bam,MCF7,CTRL,Renilla,B
SLX-18070,UDI0037,TCGTAGTG-CCAAGTCT,SUMO3_24ar3_B_MCF7_22B,SLX-18070/aligned/alignedmerged/SLX-18070.UDI0037.bam,MCF7,SUMO3,24ar3,B
SLX-18070,UDI0038,CTACGACA-TTGGACTC,TRIM33_12m2_B_MCF7_14B,SLX-18070/aligned/alignedmerged/SLX-18070.UDI0038.bam,MCF7,TRIM33,12m2,B
SLX-18070,UDI0039,TAAGTGGT-GGCTTAAG,NCOA3_NCOA3-2_A_MCF7_4A,SLX-18070/aligned/alignedmerged/SLX-18070.UDI0039.bam,MCF7,NCOA3,NCOA3-2,A
SLX-18070,UDI0040,CGGACAAC-AATCCGGA,NRIP1_6a_D_MCF7_8D,SLX-18070/aligned/alignedmerged/SLX-18070.UDI0040.bam,MCF7,NRIP1,6a,D
SLX-18070,UDI0041,ATATGGAT-TAATACAG,NCOA3_1dr2_B_MCF7_3B,SLX-18070/aligned/alignedmerged/SLX-18070.UDI0041.bam,MCF7,NCOA3,1dr2,B
SLX-18070,UDI0042,GCGCAAGC-CGGCGTGA,FoxA1_FOXA1-2_A_MCF7_2A,SLX-18070/aligned/alignedmerged/SLX-18070.UDI0042.bam,MCF7,FoxA1,FOXA1-2,A
SLX-18070,UDI0043,AAGATACT-ATGTAAGT,EP300_12br4_E_MCF7_12E,SLX-18070/aligned/alignedmerged/SLX-18070.UDI0043.bam,MCF7,EP300,12br4,E
SLX-18070,UDI0044,GGAGCGTC-GCACGGAC,NRIP1_5c_B_MCF7_7B,SLX-18070/aligned/alignedmerged/SLX-18070.UDI0044.bam,MCF7,NRIP1,5c,B
SLX-18070,UDI0045,ATGGCATG-GGTACCTT,GATA3_30a_B_MCF7_28B,SLX-18070/aligned/alignedmerged/SLX-18070.UDI0045.bam,MCF7,GATA3,30a,B
SLX-18070,UDI0046,GCAATGCA-AACGTTCC,GRHL2_37b_A_MCF7_35A,SLX-18070/aligned/alignedmerged/SLX-18070.UDI0046.bam,MCF7,GRHL2,37b,A
SLX-18070,UDI0047,GTTCCAAT-GCAGAATT,CTRL_Renilla_A_MCF7_41A,SLX-18070/aligned/alignedmerged/SLX-18070.UDI0047.bam,MCF7,CTRL,Renilla,A
SLX-18070,UDI0048,ACCTTGGC-ATGAGGCC,ESRRA_4br3_E_MCF7_6E,SLX-18070/aligned/alignedmerged/SLX-18070.UDI0048.bam,MCF7,ESRRA,4br3,E
SLX-18070,UDI0049,ATATCTCG-ACTAAGAT,TFAP2C_32b_B_MCF7_30B,SLX-18070/aligned/alignedmerged/SLX-18070.UDI0049.bam,MCF7,TFAP2C,32b,B
SLX-18070,UDI0050,GCGCTCTA-GTCGGAGC,SUMO2_35m_D_MCF7_33D,SLX-18070/aligned/alignedmerged/SLX-18070.UDI0050.bam,MCF7,SUMO2,35m,D
SLX-18070,UDI0051,AACAGGTT-CTTGGTAT,ESRRA_ESRRA-1_D_MCF7_5D,SLX-18070/aligned/alignedmerged/SLX-18070.UDI0051.bam,MCF7,ESRRA,ESRRA-1,D
SLX-18070,UDI0052,GGTGAACC-TCCAACGC,NR2F2_18ar3_D_MCF7_16D,SLX-18070/aligned/alignedmerged/SLX-18070.UDI0052.bam,MCF7,NR2F2,18ar3,D
SLX-18070,UDI0053,CAACAATG-CCGTGAAG,SUMO1_21m1_E_MCF7_19E,SLX-18070/aligned/alignedmerged/SLX-18070.UDI0053.bam,MCF7,SUMO1,21m1,E
SLX-18070,UDI0054,TGGTGGCA-TTACAGGA,TRIM28_40a_D_MCF7_37D,SLX-18070/aligned/alignedmerged/SLX-18070.UDI0054.bam,MCF7,TRIM28,40a,D
SLX-18070,UDI0055,AGGCAGAG-GGCATTCT,CREBBP_34a_A_MCF7_25A,SLX-18070/aligned/alignedmerged/SLX-18070.UDI0055.bam,MCF7,CREBBP,34a,A
SLX-18070,UDI0056,GAATGAGA-AATGCCTC,GRHL2_38fr3_E_MCF7_36E,SLX-18070/aligned/alignedmerged/SLX-18070.UDI0056.bam,MCF7,GRHL2,38fr3,E
SLX-18070,UDI0057,TGCGGCGT-TACCGAGG,TRIM33_13cr3_B_MCF7_13B,SLX-18070/aligned/alignedmerged/SLX-18070.UDI0057.bam,MCF7,TRIM33,13cr3,B
SLX-18070,UDI0058,CATAATAC-CGTTAGAA,SUMO3_m16_A_MCF7_21A,SLX-18070/aligned/alignedmerged/SLX-18070.UDI0058.bam,MCF7,SUMO3,m16,A
SLX-18070,UDI0059,GATCTATC-AGCCTCAT,NCOA3_NCOA3-2_C_MCF7_4C,SLX-18070/aligned/alignedmerged/SLX-18070.UDI0059.bam,MCF7,NCOA3,NCOA3-2,C
SLX-18070,UDI0060,AGCTCGCT-GATTCTGC,TRIM24_36c_E_MCF7_24E,SLX-18070/aligned/alignedmerged/SLX-18070.UDI0060.bam,MCF7,TRIM24,36c,E
SLX-18070,UDI0061,CGGAACTG-TCGTAGTG,EP300_11ar3_B_MCF7_11B,SLX-18070/aligned/alignedmerged/SLX-18070.UDI0061.bam,MCF7,EP300,11ar3,B
SLX-18070,UDI0062,TAAGGTCA-CTACGACA,NR2F2_17ar3_B_MCF7_15B,SLX-18070/aligned/alignedmerged/SLX-18070.UDI0062.bam,MCF7,NR2F2,17ar3,B
SLX-18070,UDI0063,TTGCCTAG-TAAGTGGT,TRIM33_12m2_E_MCF7_14E,SLX-18070/aligned/alignedmerged/SLX-18070.UDI0063.bam,MCF7,TRIM33,12m2,E
SLX-18070,UDI0064,CCATTCGA-CGGACAAC,SUMO3_24ar3_D_MCF7_22D,SLX-18070/aligned/alignedmerged/SLX-18070.UDI0064.bam,MCF7,SUMO3,24ar3,D
SLX-18070,UDI0065,ACACTAAG-ATATGGAT,TFAP2C_31a_B_MCF7_29B,SLX-18070/aligned/alignedmerged/SLX-18070.UDI0065.bam,MCF7,TFAP2C,31a,B
SLX-18070,UDI0066,GTGTCGGA-GCGCAAGC,CTRL_Renilla_D_MCF7_39D,SLX-18070/aligned/alignedmerged/SLX-18070.UDI0066.bam,MCF7,CTRL,Renilla,D
SLX-18070,UDI0067,TTCCTGTT-AAGATACT,RARA_8c_C_MCF7_10C,SLX-18070/aligned/alignedmerged/SLX-18070.UDI0067.bam,MCF7,RARA,8c,C
SLX-18070,UDI0068,CCTTCACC-GGAGCGTC,ZMIZ1_22m35b_E_MCF7_18E,SLX-18070/aligned/alignedmerged/SLX-18070.UDI0068.bam,MCF7,ZMIZ1,22m35b,E
SLX-18070,UDI0069,GCCACAGG-ATGGCATG,NRIP1_6a_C_MCF7_8C,SLX-18070/aligned/alignedmerged/SLX-18070.UDI0069.bam,MCF7,NRIP1,6a,C
SLX-18070,UDI0070,ATTGTGAA-GCAATGCA,SUMO1_m35_C_MCF7_20C,SLX-18070/aligned/alignedmerged/SLX-18070.UDI0070.bam,MCF7,SUMO1,m35,C
SLX-18070,UDI0071,ACTCGTGT-GTTCCAAT,SUMO3_m16_E_MCF7_21E,SLX-18070/aligned/alignedmerged/SLX-18070.UDI0071.bam,MCF7,SUMO3,m16,E
SLX-18070,UDI0072,GTCTACAC-ACCTTGGC,CREBBP_28gr3_C_MCF7_26C,SLX-18070/aligned/alignedmerged/SLX-18070.UDI0072.bam,MCF7,CREBBP,28gr3,C
SLX-18070,UDI0073,CAATTAAC-ATATCTCG,GRHL2_38fr3_D_MCF7_36D,SLX-18070/aligned/alignedmerged/SLX-18070.UDI0073.bam,MCF7,GRHL2,38fr3,D
SLX-18070,UDI0074,TGGCCGGT-GCGCTCTA,ESRRA_ESRRA-1_E_MCF7_5E,SLX-18070/aligned/alignedmerged/SLX-18070.UDI0074.bam,MCF7,ESRRA,ESRRA-1,E
SLX-18070,UDI0075,AGTACTCC-AACAGGTT,NRIP1_5c_D_MCF7_7D,SLX-18070/aligned/alignedmerged/SLX-18070.UDI0075.bam,MCF7,NRIP1,5c,D
SLX-18070,UDI0076,GACGTCTT-GGTGAACC,SUMO2_35m_C_MCF7_33C,SLX-18070/aligned/alignedmerged/SLX-18070.UDI0076.bam,MCF7,SUMO2,35m,C
SLX-18070,UDI0077,TGCGAGAC-CAACAATG,RARA_7b_E_MCF7_9E,SLX-18070/aligned/alignedmerged/SLX-18070.UDI0077.bam,MCF7,RARA,7b,E
SLX-18070,UDI0078,CATAGAGT-TGGTGGCA,FoxA1_FOXA1-1_B_MCF7_1B,SLX-18070/aligned/alignedmerged/SLX-18070.UDI0078.bam,MCF7,FoxA1,FOXA1-1,B
SLX-18070,UDI0079,ACAGGCGC-AGGCAGAG,DPF2_27a_D_MCF7_32D,SLX-18070/aligned/alignedmerged/SLX-18070.UDI0079.bam,MCF7,DPF2,27a,D
SLX-18070,UDI0089,TATCGCAC-ACACTAAG,TRIM24_25c_B_MCF7_23B,SLX-18070/aligned/alignedmerged/SLX-18070.UDI0089.bam,MCF7,TRIM24,25c,B
SLX-18070,UDI0090,CGCTATGT-GTGTCGGA,FoxA1_FOXA1-1_D_MCF7_1D,SLX-18070/aligned/alignedmerged/SLX-18070.UDI0090.bam,MCF7,FoxA1,FOXA1-1,D
SLX-18070,UDI0091,GTATGTTC-TTCCTGTT,GATA3_29k_B_MCF7_27B,SLX-18070/aligned/alignedmerged/SLX-18070.UDI0091.bam,MCF7,GATA3,29k,B
SLX-18070,UDI0092,ACGCACCT-CCTTCACC,GRHL2_38fr3_B_MCF7_36B,SLX-18070/aligned/alignedmerged/SLX-18070.UDI0092.bam,MCF7,GRHL2,38fr3,B
SLX-18070,UDI0093,TACTCATA-GCCACAGG,SUMO1_m35_E_MCF7_20E,SLX-18070/aligned/alignedmerged/SLX-18070.UDI0093.bam,MCF7,SUMO1,m35,E
SLX-18070,UDI0094,CGTCTGCG-ATTGTGAA,EP300_11ar3_C_MCF7_11C,SLX-18070/aligned/alignedmerged/SLX-18070.UDI0094.bam,MCF7,EP300,11ar3,C
SLX-18070,UDI0095,TCGATATC-ACTCGTGT,CTRL_Renilla_B_MCF7_40B,SLX-18070/aligned/alignedmerged/SLX-18070.UDI0095.bam,MCF7,CTRL,Renilla,B
SLX-18070,UDI0096,CTAGCGCT-GTCTACAC,TRIM33_13cr3_C_MCF7_13C,SLX-18070/aligned/alignedmerged/SLX-18070.UDI0096.bam,MCF7,TRIM33,13cr3,C
